,time,period,step,zon,storage_in,ch_in,wells_in,river_in,hd_in,recharge_in,other_zones_in,total_in,stoarge_out,ch_out,wells_out,river_out,hd_out,recharge_out,other_zones_out,total_out,in_out,perecent_error,z1_in,z2_in,z3_in,z4_in,z5_in,z6_in,z7_in,z1_out,z2_out,z3_out,z4_out,z5_out,z6_out,z7_out,river_contribution,river_contribution_2,river_contribution_3,well_contribution,total_contribution,storage_contribution
0,0.0,1.0,1.0,1.0,0.0,0.0,0.0,208000.0,0.0,212.0,87700.0,295000.0,0.0,0.0,263000.0,6980.0,0.0,0.0,25500.0,295000.0,1.25,0.0,0.0,1690.0,0.0,0.0,0.0,0.0,86000.0,0.0,951.0,0.0,0.0,0.0,0.0,24600.0,79.08745247148289,70.50847457627118,1.3083275295990449,89.15254237288136,0.7908745247148289,0.0
1,0.1,2.0,1.0,1.0,61.5,0.0,0.0,207000.0,0.0,212.0,87700.0,295000.0,13.6,0.0,263000.0,6970.0,0.0,0.0,25500.0,295000.0,-21.3,-0.01,0.0,1690.0,0.0,0.0,0.0,0.0,86000.0,0.0,950.0,0.0,0.0,0.0,0.0,24600.0,78.70722433460075,70.16949152542374,1.3148027795830626,89.15254237288136,0.7870722433460077,4.610169491525424e-05
2,0.2,2.0,2.0,1.0,53.6,0.0,0.0,207000.0,0.0,212.0,87700.0,295000.0,13.8,0.0,263000.0,6970.0,0.0,0.0,25500.0,295000.0,-24.2,-0.01,0.0,1700.0,0.0,0.0,0.0,0.0,86000.0,0.0,950.0,0.0,0.0,0.0,0.0,24600.0,78.70722433460075,70.16949152542374,1.3148027795830626,89.15254237288136,0.7870722433460077,4.677966101694915e-05
3,0.3,2.0,3.0,1.0,52.5,0.0,0.0,207000.0,0.0,212.0,87700.0,295000.0,14.6,0.0,263000.0,6970.0,0.0,0.0,25500.0,295000.0,-23.5,-0.01,0.0,1700.0,0.0,0.0,0.0,0.0,86000.0,0.0,950.0,0.0,0.0,0.0,0.0,24600.0,78.70722433460075,70.16949152542374,1.3148027795830626,89.15254237288136,0.7870722433460077,4.9491525423728815e-05
4,0.4,2.0,4.0,1.0,46.6,0.0,0.0,207000.0,0.0,212.0,87700.0,295000.0,15.3,0.0,263000.0,6970.0,0.0,0.0,25500.0,295000.0,-26.7,-0.01,0.0,1700.0,0.0,0.0,0.0,0.0,86000.0,0.0,950.0,0.0,0.0,0.0,0.0,24600.0,78.70722433460075,70.16949152542374,1.3148027795830626,89.15254237288136,0.7870722433460077,5.186440677966102e-05
5,0.5,2.0,5.0,1.0,45.8,0.0,0.0,207000.0,0.0,212.0,87700.0,295000.0,16.0,0.0,263000.0,6970.0,0.0,0.0,25500.0,295000.0,-27.4,-0.01,0.0,1700.0,0.0,0.0,0.0,0.0,86000.0,0.0,950.0,0.0,0.0,0.0,0.0,24600.0,78.70722433460075,70.16949152542374,1.3148027795830626,89.15254237288136,0.7870722433460077,5.423728813559322e-05
6,0.6,2.0,6.0,1.0,45.1,0.0,0.0,207000.0,0.0,212.0,87700.0,295000.0,15.8,0.0,263000.0,6970.0,0.0,0.0,25500.0,295000.0,-26.0,-0.01,0.0,1700.0,0.0,0.0,0.0,0.0,86000.0,0.0,950.0,0.0,0.0,0.0,0.0,24600.0,78.70722433460075,70.16949152542374,1.3148027795830626,89.15254237288136,0.7870722433460077,5.355932203389831e-05
7,0.7,2.0,7.0,1.0,44.5,0.0,0.0,207000.0,0.0,212.0,87700.0,295000.0,16.6,0.0,263000.0,6970.0,0.0,0.0,25500.0,295000.0,-26.2,-0.01,0.0,1700.0,0.0,0.0,0.0,0.0,86000.0,0.0,950.0,0.0,0.0,0.0,0.0,24600.0,78.70722433460075,70.16949152542374,1.3148027795830626,89.15254237288136,0.7870722433460077,5.627118644067797e-05
8,0.8,2.0,8.0,1.0,44.6,0.0,0.0,207000.0,0.0,212.0,87700.0,295000.0,15.8,0.0,263000.0,6970.0,0.0,0.0,25500.0,295000.0,-23.9,-0.01,0.0,1700.0,0.0,0.0,0.0,0.0,86000.0,0.0,950.0,0.0,0.0,0.0,0.0,24600.0,78.70722433460075,70.16949152542374,1.3148027795830626,89.15254237288136,0.7870722433460077,5.355932203389831e-05
9,0.9,2.0,9.0,1.0,41.9,0.0,0.0,207000.0,0.0,212.0,87700.0,295000.0,15.5,0.0,263000.0,6970.0,0.0,0.0,25500.0,295000.0,-25.0,-0.01,0.0,1700.0,0.0,0.0,0.0,0.0,86000.0,0.0,950.0,0.0,0.0,0.0,0.0,24600.0,78.70722433460075,70.16949152542374,1.3148027795830626,89.15254237288136,0.7870722433460077,5.254237288135593e-05
10,1.0,2.0,10.0,1.0,43.4,0.0,0.0,207000.0,0.0,212.0,87700.0,295000.0,17.0,0.0,263000.0,6970.0,0.0,0.0,25500.0,295000.0,-23.9,-0.01,0.0,1700.0,0.0,0.0,0.0,0.0,86000.0,0.0,950.0,0.0,0.0,0.0,0.0,24600.0,78.70722433460075,70.16949152542374,1.3148027795830626,89.15254237288136,0.7870722433460077,5.76271186440678e-05
11,1.1,3.0,1.0,1.0,2.88,0.0,0.0,207000.0,0.0,212.0,86400.0,293000.0,6640.0,0.0,254000.0,6980.0,0.0,0.0,25700.0,293000.0,-18.4,-0.01,0.0,1560.0,0.0,0.0,0.0,0.0,84900.0,0.0,1000.0,0.0,0.0,0.0,0.0,24700.0,81.49606299212599,70.64846416382252,1.26987301269873,86.68941979522185,0.8149606299212597,0.02266211604095563
12,1.2,3.0,2.0,1.0,2.75,0.0,0.0,206000.0,0.0,212.0,86000.0,292000.0,5710.0,0.0,254000.0,6990.0,0.0,0.0,25800.0,292000.0,-20.9,-0.01,0.0,1550.0,0.0,0.0,0.0,0.0,84500.0,0.0,1010.0,0.0,0.0,0.0,0.0,24800.0,81.10236220472441,70.54794520547945,1.2763177729762323,86.98630136986301,0.8110236220472441,0.019554794520547945
13,1.3,3.0,3.0,1.0,2.13,0.0,0.0,206000.0,0.0,212.0,85700.0,292000.0,4910.0,0.0,254000.0,6990.0,0.0,0.0,25800.0,292000.0,-22.6,-0.01,0.0,1550.0,0.0,0.0,0.0,0.0,84100.0,0.0,1010.0,0.0,0.0,0.0,0.0,24800.0,81.10236220472441,70.54794520547945,1.2763177729762323,86.98630136986301,0.8110236220472441,0.016815068493150686
14,1.4,3.0,4.0,1.0,2.25,0.0,0.0,205000.0,0.0,212.0,85400.0,291000.0,4250.0,0.0,254000.0,7000.0,0.0,0.0,25900.0,291000.0,-23.3,-0.01,0.0,1550.0,0.0,0.0,0.0,0.0,83900.0,0.0,1010.0,0.0,0.0,0.0,0.0,24800.0,80.70866141732283,70.44673539518901,1.2828282828282829,87.2852233676976,0.8070866141732284,0.014604810996563574
15,1.5,3.0,5.0,1.0,2.38,0.0,0.0,205000.0,0.0,212.0,85200.0,291000.0,3700.0,0.0,254000.0,7000.0,0.0,0.0,25900.0,291000.0,-22.1,-0.01,0.0,1560.0,0.0,0.0,0.0,0.0,83600.0,0.0,1010.0,0.0,0.0,0.0,0.0,24900.0,80.70866141732283,70.44673539518901,1.2828282828282829,87.2852233676976,0.8070866141732284,0.012714776632302405
16,1.6,3.0,6.0,1.0,2.38,0.0,0.0,205000.0,0.0,212.0,85000.0,290000.0,3230.0,0.0,254000.0,7010.0,0.0,0.0,25900.0,290000.0,-20.4,-0.01,0.0,1560.0,0.0,0.0,0.0,0.0,83400.0,0.0,1000.0,0.0,0.0,0.0,0.0,24900.0,80.70866141732283,70.6896551724138,1.282893075407849,87.58620689655172,0.8070866141732285,0.011137931034482759
17,1.7,3.0,7.0,1.0,2.88,0.0,0.0,205000.0,0.0,212.0,84800.0,290000.0,2840.0,0.0,254000.0,7020.0,0.0,0.0,25900.0,290000.0,-15.1,-0.01,0.0,1560.0,0.0,0.0,0.0,0.0,83300.0,0.0,1000.0,0.0,0.0,0.0,0.0,24800.0,80.70866141732283,70.6896551724138,1.282957874532781,87.58620689655172,0.8070866141732285,0.009793103448275862
18,1.8,3.0,8.0,1.0,2.88,0.0,0.0,204000.0,0.0,212.0,84700.0,289000.0,2520.0,0.0,254000.0,7020.0,0.0,0.0,25800.0,289000.0,-16.6,-0.01,0.0,1570.0,0.0,0.0,0.0,0.0,83100.0,0.0,1000.0,0.0,0.0,0.0,0.0,24800.0,80.31496062992126,70.58823529411765,1.2894710122855113,87.88927335640139,0.8031496062992126,0.008719723183391004
19,1.9,3.0,9.0,1.0,2.75,0.0,0.0,204000.0,0.0,212.0,84600.0,289000.0,2250.0,0.0,254000.0,7020.0,0.0,0.0,25800.0,289000.0,-16.1,-0.01,0.0,1570.0,0.0,0.0,0.0,0.0,83000.0,0.0,999.0,0.0,0.0,0.0,0.0,24800.0,80.31496062992126,70.58823529411765,1.2894710122855113,87.88927335640139,0.8031496062992126,0.007785467128027681
20,2.0,3.0,10.0,1.0,3.13,0.0,0.0,204000.0,0.0,212.0,84500.0,289000.0,2020.0,0.0,254000.0,7030.0,0.0,0.0,25800.0,289000.0,-16.4,-0.01,0.0,1570.0,0.0,0.0,0.0,0.0,82900.0,0.0,997.0,0.0,0.0,0.0,0.0,24800.0,80.31496062992126,70.58823529411765,1.2895364776361882,87.88927335640139,0.8031496062992126,0.00698961937716263
21,2.1,4.0,1.0,1.0,2.0,0.0,0.0,202000.0,0.0,212.0,81400.0,284000.0,18500.0,0.0,232000.0,7050.0,0.0,0.0,26300.0,284000.0,-28.9,-0.01,0.0,1230.0,0.0,0.0,0.0,0.0,80200.0,0.0,1130.0,0.0,0.0,0.0,0.0,25200.0,87.06896551724138,71.12676056338029,1.1900487304437035,81.69014084507043,0.8706896551724138,0.06514084507042253
22,2.2,4.0,2.0,1.0,1.5,0.0,0.0,201000.0,0.0,212.0,80400.0,281000.0,16000.0,0.0,232000.0,7070.0,0.0,0.0,26500.0,281000.0,-28.8,-0.01,0.0,1220.0,0.0,0.0,0.0,0.0,79100.0,0.0,1150.0,0.0,0.0,0.0,0.0,25300.0,86.63793103448276,71.53024911032028,1.1963079461661423,82.56227758007117,0.8663793103448276,0.05693950177935943
23,2.3,4.0,3.0,1.0,1.38,0.0,0.0,200000.0,0.0,212.0,79500.0,279000.0,13800.0,0.0,232000.0,7090.0,0.0,0.0,26600.0,279000.0,-28.5,-0.01,0.0,1230.0,0.0,0.0,0.0,0.0,78200.0,0.0,1150.0,0.0,0.0,0.0,0.0,25400.0,86.20689655172414,71.68458781362007,1.2026333523404698,83.15412186379928,0.8620689655172414,0.04946236559139785
24,2.4,4.0,4.0,1.0,1.25,0.0,0.0,199000.0,0.0,212.0,78700.0,277000.0,12000.0,0.0,232000.0,7100.0,0.0,0.0,26600.0,277000.0,-35.5,-0.01,0.0,1240.0,0.0,0.0,0.0,0.0,77500.0,0.0,1150.0,0.0,0.0,0.0,0.0,25500.0,85.77586206896551,71.84115523465704,1.2089630015633142,83.75451263537906,0.8577586206896551,0.04332129963898917
25,2.5,4.0,5.0,1.0,1.38,0.0,0.0,198000.0,0.0,212.0,78100.0,276000.0,10500.0,0.0,232000.0,7120.0,0.0,0.0,26600.0,276000.0,-36.5,-0.01,0.0,1240.0,0.0,0.0,0.0,0.0,76900.0,0.0,1140.0,0.0,0.0,0.0,0.0,25500.0,85.34482758620689,71.73913043478261,1.2154233025984913,84.05797101449275,0.8534482758620691,0.03804347826086957
26,2.6,4.0,6.0,1.0,1.5,0.0,0.0,197000.0,0.0,212.0,77600.0,275000.0,9290.0,0.0,232000.0,7140.0,0.0,0.0,26600.0,275000.0,-29.7,-0.01,0.0,1250.0,0.0,0.0,0.0,0.0,76400.0,0.0,1140.0,0.0,0.0,0.0,0.0,25500.0,84.91379310344827,71.63636363636363,1.221953018013273,84.36363636363636,0.8491379310344827,0.033781818181818184
27,2.7,4.0,7.0,1.0,1.25,0.0,0.0,196000.0,0.0,212.0,77200.0,274000.0,8240.0,0.0,232000.0,7150.0,0.0,0.0,26600.0,274000.0,-40.0,-0.01,0.0,1260.0,0.0,0.0,0.0,0.0,75900.0,0.0,1130.0,0.0,0.0,0.0,0.0,25500.0,84.48275862068965,71.53284671532847,1.228488218162563,84.67153284671532,0.8448275862068967,0.03007299270072993
28,2.8,4.0,8.0,1.0,1.38,0.0,0.0,196000.0,0.0,212.0,76900.0,273000.0,7350.0,0.0,232000.0,7160.0,0.0,0.0,26600.0,273000.0,-34.0,-0.01,0.0,1270.0,0.0,0.0,0.0,0.0,75600.0,0.0,1130.0,0.0,0.0,0.0,0.0,25500.0,84.48275862068965,71.7948717948718,1.2285532726117347,84.98168498168498,0.8448275862068966,0.026923076923076925
29,2.9,4.0,9.0,1.0,1.38,0.0,0.0,195000.0,0.0,212.0,76600.0,272000.0,6600.0,0.0,232000.0,7170.0,0.0,0.0,26600.0,272000.0,-36.1,-0.01,0.0,1270.0,0.0,0.0,0.0,0.0,75300.0,0.0,1120.0,0.0,0.0,0.0,0.0,25400.0,84.05172413793103,71.69117647058823,1.2351594526965874,85.29411764705883,0.8405172413793103,0.02426470588235294
30,3.0,4.0,10.0,1.0,1.38,0.0,0.0,195000.0,0.0,212.0,76300.0,271000.0,5960.0,0.0,232000.0,7180.0,0.0,0.0,26500.0,271000.0,-34.3,-0.01,0.0,1280.0,0.0,0.0,0.0,0.0,75100.0,0.0,1120.0,0.0,0.0,0.0,0.0,25400.0,84.05172413793103,71.95571955719558,1.235225215631988,85.60885608856088,0.8405172413793104,0.02199261992619926
31,3.1,5.0,1.0,1.0,8350.0,0.0,0.0,196000.0,0.0,212.0,78500.0,283000.0,411.0,0.0,250000.0,7180.0,0.0,0.0,26000.0,283000.0,-31.4,-0.01,0.0,1550.0,0.0,0.0,0.0,0.0,77000.0,0.0,1000.0,0.0,0.0,0.0,0.0,25000.0,78.40000000000002,69.25795053003534,1.3240122868340218,88.33922261484098,0.7840000000000003,0.0014522968197879858
32,3.2,5.0,2.0,1.0,6670.0,0.0,0.0,197000.0,0.0,212.0,79200.0,283000.0,136.0,0.0,250000.0,7170.0,0.0,0.0,25800.0,283000.0,-28.9,-0.01,0.0,1570.0,0.0,0.0,0.0,0.0,77600.0,0.0,985.0,0.0,0.0,0.0,0.0,24900.0,78.8,69.6113074204947,1.3169678133066427,88.33922261484098,0.788,0.000480565371024735
33,3.3,5.0,3.0,1.0,5390.0,0.0,0.0,197000.0,0.0,212.0,79700.0,282000.0,35.8,0.0,250000.0,7160.0,0.0,0.0,25700.0,282000.0,-33.8,-0.01,0.0,1570.0,0.0,0.0,0.0,0.0,78100.0,0.0,979.0,0.0,0.0,0.0,0.0,24700.0,78.8,69.8581560283688,1.3168984407922462,88.65248226950354,0.7880000000000001,0.00012695035460992906
34,3.4,5.0,4.0,1.0,4390.0,0.0,0.0,198000.0,0.0,212.0,80100.0,282000.0,7.25,0.0,250000.0,7160.0,0.0,0.0,25600.0,282000.0,-36.8,-0.01,0.0,1570.0,0.0,0.0,0.0,0.0,78600.0,0.0,979.0,0.0,0.0,0.0,0.0,24700.0,79.2,70.2127659574468,1.3099979040033536,88.65248226950354,0.792,2.5709219858156028e-05
35,3.5,5.0,5.0,1.0,3590.0,0.0,0.0,198000.0,0.0,212.0,80500.0,282000.0,2.75,0.0,250000.0,7150.0,0.0,0.0,25600.0,282000.0,-37.4,-0.01,0.0,1560.0,0.0,0.0,0.0,0.0,78900.0,0.0,981.0,0.0,0.0,0.0,0.0,24600.0,79.2,70.2127659574468,1.3099292638197537,88.65248226950354,0.792,9.75177304964539e-06
36,3.6,5.0,6.0,1.0,2950.0,0.0,0.0,198000.0,0.0,212.0,80800.0,282000.0,2.75,0.0,250000.0,7140.0,0.0,0.0,25500.0,282000.0,-38.7,-0.01,0.0,1560.0,0.0,0.0,0.0,0.0,79200.0,0.0,983.0,0.0,0.0,0.0,0.0,24500.0,79.2,70.2127659574468,1.3098606308288798,88.65248226950354,0.792,9.75177304964539e-06
37,3.7,5.0,7.0,1.0,2440.0,0.0,0.0,198000.0,0.0,212.0,81000.0,282000.0,2.75,0.0,250000.0,7130.0,0.0,0.0,25500.0,282000.0,-34.9,-0.01,0.0,1550.0,0.0,0.0,0.0,0.0,79400.0,0.0,986.0,0.0,0.0,0.0,0.0,24500.0,79.2,70.2127659574468,1.3097920050296012,88.65248226950354,0.792,9.75177304964539e-06
38,3.8,5.0,8.0,1.0,2010.0,0.0,0.0,199000.0,0.0,212.0,81200.0,282000.0,2.38,0.0,250000.0,7130.0,0.0,0.0,25500.0,282000.0,-35.6,-0.01,0.0,1550.0,0.0,0.0,0.0,0.0,79600.0,0.0,988.0,0.0,0.0,0.0,0.0,24500.0,79.60000000000001,70.56737588652481,1.3029655495908687,88.65248226950354,0.796,8.439716312056737e-06
39,3.9,5.0,9.0,1.0,1660.0,0.0,0.0,199000.0,0.0,212.0,81300.0,282000.0,2.38,0.0,250000.0,7120.0,0.0,0.0,25500.0,282000.0,-31.4,-0.01,0.0,1550.0,0.0,0.0,0.0,0.0,79800.0,0.0,989.0,0.0,0.0,0.0,0.0,24500.0,79.60000000000001,70.56737588652481,1.302897644361059,88.65248226950354,0.796,8.439716312056737e-06
40,4.0,5.0,10.0,1.0,1380.0,0.0,0.0,199000.0,0.0,212.0,81500.0,282000.0,3.13,0.0,250000.0,7120.0,0.0,0.0,25400.0,282000.0,-29.1,-0.01,0.0,1550.0,0.0,0.0,0.0,0.0,79900.0,0.0,991.0,0.0,0.0,0.0,0.0,24400.0,79.60000000000001,70.56737588652481,1.302897644361059,88.65248226950354,0.796,1.1099290780141844e-05
41,4.1,6.0,1.0,1.0,3.0,0.0,0.0,198000.0,0.0,212.0,79800.0,278000.0,8860.0,0.0,236000.0,7130.0,0.0,0.0,25700.0,278000.0,-30.1,-0.01,0.0,1340.0,0.0,0.0,0.0,0.0,78500.0,0.0,1070.0,0.0,0.0,0.0,0.0,24700.0,83.89830508474576,71.22302158273382,1.2364436527479437,84.89208633093526,0.8389830508474577,0.031870503597122304
42,4.2,6.0,2.0,1.0,2.13,0.0,0.0,197000.0,0.0,212.0,79300.0,277000.0,7640.0,0.0,236000.0,7140.0,0.0,0.0,25800.0,277000.0,-27.6,-0.01,0.0,1330.0,0.0,0.0,0.0,0.0,77900.0,0.0,1080.0,0.0,0.0,0.0,0.0,24800.0,83.47457627118644,71.11913357400722,1.2430211734962604,85.1985559566787,0.8347457627118644,0.027581227436823105
43,4.3,6.0,3.0,1.0,1.88,0.0,0.0,197000.0,0.0,212.0,78800.0,276000.0,6600.0,0.0,236000.0,7150.0,0.0,0.0,25900.0,276000.0,-35.1,-0.01,0.0,1330.0,0.0,0.0,0.0,0.0,77500.0,0.0,1090.0,0.0,0.0,0.0,0.0,24800.0,83.47457627118644,71.37681159420289,1.2430866473531736,85.5072463768116,0.8347457627118643,0.02391304347826087
44,4.4,6.0,4.0,1.0,1.63,0.0,0.0,196000.0,0.0,212.0,78500.0,275000.0,5740.0,0.0,236000.0,7150.0,0.0,0.0,25900.0,275000.0,-39.2,-0.01,0.0,1330.0,0.0,0.0,0.0,0.0,77200.0,0.0,1090.0,0.0,0.0,0.0,0.0,24800.0,83.05084745762713,71.27272727272728,1.2496690495101932,85.81818181818181,0.8305084745762713,0.020872727272727272
45,4.5,6.0,5.0,1.0,1.38,0.0,0.0,196000.0,0.0,212.0,78200.0,274000.0,5020.0,0.0,236000.0,7160.0,0.0,0.0,25900.0,274000.0,-33.4,-0.01,0.0,1330.0,0.0,0.0,0.0,0.0,76900.0,0.0,1080.0,0.0,0.0,0.0,0.0,24800.0,83.05084745762713,71.53284671532847,1.2497352255877991,86.13138686131386,0.8305084745762714,0.01832116788321168
46,4.6,6.0,6.0,1.0,1.75,0.0,0.0,195000.0,0.0,212.0,78000.0,274000.0,4420.0,0.0,236000.0,7170.0,0.0,0.0,25900.0,274000.0,-32.6,-0.01,0.0,1340.0,0.0,0.0,0.0,0.0,76600.0,0.0,1080.0,0.0,0.0,0.0,0.0,24800.0,82.62711864406779,71.16788321167883,1.256455305329287,86.13138686131386,0.826271186440678,0.01613138686131387
47,4.7,6.0,7.0,1.0,1.5,0.0,0.0,195000.0,0.0,212.0,77800.0,273000.0,3930.0,0.0,236000.0,7180.0,0.0,0.0,25900.0,273000.0,-38.5,-0.01,0.0,1340.0,0.0,0.0,0.0,0.0,76400.0,0.0,1080.0,0.0,0.0,0.0,0.0,24800.0,82.62711864406779,71.42857142857143,1.2565222021084017,86.44688644688645,0.826271186440678,0.014395604395604396
48,4.8,6.0,8.0,1.0,1.75,0.0,0.0,195000.0,0.0,212.0,77600.0,273000.0,3510.0,0.0,236000.0,7180.0,0.0,0.0,25900.0,273000.0,-36.5,-0.01,0.0,1350.0,0.0,0.0,0.0,0.0,76300.0,0.0,1070.0,0.0,0.0,0.0,0.0,24800.0,82.62711864406779,71.42857142857143,1.2565222021084017,86.44688644688645,0.826271186440678,0.012857142857142857
49,4.9,6.0,9.0,1.0,1.88,0.0,0.0,195000.0,0.0,212.0,77500.0,272000.0,3160.0,0.0,236000.0,7190.0,0.0,0.0,25900.0,272000.0,-34.8,-0.01,0.0,1350.0,0.0,0.0,0.0,0.0,76100.0,0.0,1070.0,0.0,0.0,0.0,0.0,24800.0,82.62711864406779,71.69117647058823,1.2565891060113945,86.76470588235294,0.8262711864406779,0.01161764705882353
50,5.0,6.0,10.0,1.0,1.63,0.0,0.0,194000.0,0.0,212.0,77400.0,272000.0,2860.0,0.0,236000.0,7190.0,0.0,0.0,25900.0,272000.0,-34.8,-0.01,0.0,1350.0,0.0,0.0,0.0,0.0,76000.0,0.0,1070.0,0.0,0.0,0.0,0.0,24800.0,82.20338983050848,71.32352941176471,1.2633156683261066,86.76470588235294,0.8220338983050848,0.010514705882352942
51,5.1,7.0,1.0,1.0,1.25,0.0,0.0,191000.0,0.0,212.0,73200.0,265000.0,25900.0,0.0,205000.0,7220.0,0.0,0.0,26700.0,265000.0,-33.2,-0.01,0.0,896.0,0.0,0.0,0.0,0.0,72300.0,0.0,1270.0,0.0,0.0,0.0,0.0,25400.0,93.17073170731706,72.0754716981132,1.115464141908804,77.35849056603774,0.9317073170731706,0.09773584905660378
52,5.2,7.0,2.0,1.0,1.38,0.0,0.0,190000.0,0.0,212.0,71700.0,262000.0,22400.0,0.0,205000.0,7250.0,0.0,0.0,26900.0,262000.0,-31.1,-0.01,0.0,896.0,0.0,0.0,0.0,0.0,70800.0,0.0,1320.0,0.0,0.0,0.0,0.0,25600.0,92.68292682926828,72.51908396946564,1.121751025991792,78.2442748091603,0.9268292682926829,0.08549618320610687
53,5.3,7.0,3.0,1.0,1.13,0.0,0.0,188000.0,0.0,212.0,70500.0,259000.0,19400.0,0.0,205000.0,7270.0,0.0,0.0,27100.0,259000.0,-24.9,-0.01,0.0,905.0,0.0,0.0,0.0,0.0,69600.0,0.0,1320.0,0.0,0.0,0.0,0.0,25800.0,91.70731707317074,72.58687258687259,1.1342887179770929,79.15057915057915,0.9170731707317074,0.0749034749034749
54,5.4,7.0,4.0,1.0,1.38,0.0,0.0,187000.0,0.0,212.0,69500.0,256000.0,16900.0,0.0,205000.0,7300.0,0.0,0.0,27200.0,256000.0,-23.1,-0.01,0.0,917.0,0.0,0.0,0.0,0.0,68600.0,0.0,1320.0,0.0,0.0,0.0,0.0,25800.0,91.21951219512195,73.046875,1.14079020589872,80.078125,0.9121951219512195,0.066015625
55,5.5,7.0,5.0,1.0,1.25,0.0,0.0,185000.0,0.0,212.0,68700.0,254000.0,14900.0,0.0,205000.0,7320.0,0.0,0.0,27200.0,254000.0,-27.7,-0.01,0.0,928.0,0.0,0.0,0.0,0.0,67800.0,0.0,1310.0,0.0,0.0,0.0,0.0,25900.0,90.2439024390244,72.83464566929135,1.1537595677622692,80.70866141732283,0.902439024390244,0.05866141732283465
56,5.6,7.0,6.0,1.0,1.5,0.0,0.0,184000.0,0.0,212.0,68000.0,253000.0,13100.0,0.0,205000.0,7350.0,0.0,0.0,27200.0,253000.0,-24.0,-0.01,0.0,938.0,0.0,0.0,0.0,0.0,67100.0,0.0,1300.0,0.0,0.0,0.0,0.0,25900.0,89.75609756097562,72.72727272727273,1.1604868383809794,81.02766798418972,0.8975609756097562,0.05177865612648221
57,5.7,7.0,7.0,1.0,1.63,0.0,0.0,183000.0,0.0,212.0,67500.0,251000.0,11700.0,0.0,205000.0,7370.0,0.0,0.0,27200.0,251000.0,-22.2,-0.01,0.0,947.0,0.0,0.0,0.0,0.0,66500.0,0.0,1290.0,0.0,0.0,0.0,0.0,25900.0,89.26829268292683,72.90836653386454,1.167226555827592,81.67330677290838,0.8926829268292681,0.04661354581673307
58,5.8,7.0,8.0,1.0,1.5,0.0,0.0,183000.0,0.0,212.0,67000.0,250000.0,10400.0,0.0,205000.0,7380.0,0.0,0.0,27100.0,250000.0,-19.9,-0.01,0.0,954.0,0.0,0.0,0.0,0.0,66100.0,0.0,1280.0,0.0,0.0,0.0,0.0,25900.0,89.26829268292683,73.2,1.167293019018335,82.0,0.8926829268292683,0.0416
59,5.9,7.0,9.0,1.0,1.75,0.0,0.0,182000.0,0.0,212.0,66700.0,249000.0,9370.0,0.0,205000.0,7400.0,0.0,0.0,27100.0,249000.0,-16.7,-0.01,0.0,961.0,0.0,0.0,0.0,0.0,65700.0,0.0,1270.0,0.0,0.0,0.0,0.0,25800.0,88.78048780487805,73.09236947791165,1.1741122565864834,82.32931726907631,0.8878048780487804,0.037630522088353414
60,6.0,7.0,10.0,1.0,1.88,0.0,0.0,181000.0,0.0,212.0,66300.0,248000.0,8480.0,0.0,205000.0,7410.0,0.0,0.0,27000.0,248000.0,-12.6,-0.01,0.0,967.0,0.0,0.0,0.0,0.0,65400.0,0.0,1260.0,0.0,0.0,0.0,0.0,25800.0,88.29268292682927,72.98387096774194,1.1809436027420934,82.66129032258065,0.8829268292682926,0.034193548387096775
61,6.1,8.0,1.0,1.0,1.63,0.0,0.0,179000.0,0.0,212.0,63900.0,243000.0,21000.0,0.0,187000.0,7440.0,0.0,0.0,27600.0,243000.0,-13.7,-0.01,0.0,725.0,0.0,0.0,0.0,0.0,63100.0,0.0,1380.0,0.0,0.0,0.0,0.0,26200.0,95.72192513368984,73.66255144032921,1.0899976684541852,76.95473251028807,0.9572192513368982,0.08641975308641975
62,6.2,8.0,2.0,1.0,1.63,0.0,0.0,178000.0,0.0,212.0,62900.0,241000.0,18500.0,0.0,187000.0,7460.0,0.0,0.0,27700.0,241000.0,-12.6,-0.01,0.0,728.0,0.0,0.0,0.0,0.0,62200.0,0.0,1400.0,0.0,0.0,0.0,0.0,26300.0,95.18716577540107,73.85892116182573,1.0965169461709863,77.59336099585063,0.9518716577540107,0.07676348547717843
63,6.3,8.0,3.0,1.0,1.63,0.0,0.0,176000.0,0.0,212.0,62100.0,239000.0,16300.0,0.0,187000.0,7490.0,0.0,0.0,27800.0,239000.0,-9.52,0.0,0.0,737.0,0.0,0.0,0.0,0.0,61300.0,0.0,1400.0,0.0,0.0,0.0,0.0,26400.0,94.11764705882354,73.64016736401673,1.1097264257314106,78.24267782426779,0.9411764705882352,0.06820083682008368
64,6.4,8.0,4.0,1.0,1.63,0.0,0.0,175000.0,0.0,212.0,61400.0,237000.0,14500.0,0.0,187000.0,7510.0,0.0,0.0,27800.0,237000.0,-8.43,0.0,0.0,746.0,0.0,0.0,0.0,0.0,60700.0,0.0,1390.0,0.0,0.0,0.0,0.0,26400.0,93.58288770053476,73.83966244725738,1.1164845662427607,78.90295358649789,0.9358288770053476,0.06118143459915612
65,6.5,8.0,5.0,1.0,1.38,0.0,0.0,174000.0,0.0,212.0,60800.0,235000.0,12900.0,0.0,187000.0,7530.0,0.0,0.0,27800.0,235000.0,-11.5,0.0,0.0,755.0,0.0,0.0,0.0,0.0,60100.0,0.0,1380.0,0.0,0.0,0.0,0.0,26400.0,93.04812834224599,74.04255319148936,1.1233255241184599,79.57446808510639,0.9304812834224598,0.0548936170212766
66,6.6,8.0,6.0,1.0,1.5,0.0,0.0,174000.0,0.0,212.0,60400.0,234000.0,11600.0,0.0,187000.0,7550.0,0.0,0.0,27800.0,234000.0,-9.93,0.0,0.0,763.0,0.0,0.0,0.0,0.0,59600.0,0.0,1380.0,0.0,0.0,0.0,0.0,26400.0,93.04812834224599,74.35897435897436,1.1234604986482428,79.91452991452992,0.9304812834224598,0.04957264957264957
67,6.7,8.0,7.0,1.0,1.5,0.0,0.0,173000.0,0.0,212.0,60000.0,233000.0,10500.0,0.0,187000.0,7570.0,0.0,0.0,27700.0,233000.0,-5.05,0.0,0.0,770.0,0.0,0.0,0.0,0.0,59200.0,0.0,1370.0,0.0,0.0,0.0,0.0,26400.0,92.51336898395722,74.2489270386266,1.1303874750649823,80.25751072961373,0.9251336898395722,0.045064377682403435
68,6.8,8.0,8.0,1.0,1.38,0.0,0.0,172000.0,0.0,212.0,59600.0,232000.0,9520.0,0.0,187000.0,7590.0,0.0,0.0,27700.0,232000.0,-3.78,0.0,0.0,776.0,0.0,0.0,0.0,0.0,58900.0,0.0,1360.0,0.0,0.0,0.0,0.0,26300.0,91.97860962566847,74.13793103448276,1.1374004014354357,80.60344827586206,0.9197860962566846,0.04103448275862069
69,6.9,8.0,9.0,1.0,1.25,0.0,0.0,171000.0,0.0,212.0,59400.0,231000.0,8700.0,0.0,187000.0,7610.0,0.0,0.0,27600.0,231000.0,-2.45,0.0,0.0,781.0,0.0,0.0,0.0,0.0,58600.0,0.0,1350.0,0.0,0.0,0.0,0.0,26200.0,91.44385026737967,74.02597402597402,1.1445008874472122,80.95238095238095,0.9144385026737968,0.03766233766233766
70,7.0,8.0,10.0,1.0,1.5,0.0,0.0,171000.0,0.0,212.0,59100.0,230000.0,7980.0,0.0,187000.0,7620.0,0.0,0.0,27500.0,230000.0,-0.456,0.0,0.0,786.0,0.0,0.0,0.0,0.0,58300.0,0.0,1340.0,0.0,0.0,0.0,0.0,26200.0,91.44385026737969,74.34782608695653,1.144570938915412,81.30434782608695,0.9144385026737969,0.034695652173913044
71,7.1,9.0,1.0,1.0,22800.0,0.0,0.0,174000.0,0.0,212.0,64000.0,261000.0,145.0,0.0,227000.0,7580.0,0.0,0.0,26100.0,261000.0,0.0111,0.0,0.0,1360.0,0.0,0.0,0.0,0.0,62600.0,0.0,1060.0,0.0,0.0,0.0,0.0,25100.0,76.65198237885463,66.66666666666666,1.364018747746665,86.97318007662835,0.7665198237885461,0.0005555555555555556
72,7.2,9.0,2.0,1.0,18900.0,0.0,0.0,176000.0,0.0,212.0,65600.0,260000.0,4.5,0.0,227000.0,7560.0,0.0,0.0,25600.0,260000.0,-1.29,0.0,0.0,1380.0,0.0,0.0,0.0,0.0,64200.0,0.0,1010.0,0.0,0.0,0.0,0.0,24600.0,77.5330396475771,67.6923076923077,1.3476608881500831,87.3076923076923,0.775330396475771,1.730769230769231e-05
73,7.3,9.0,3.0,1.0,15800.0,0.0,0.0,177000.0,0.0,212.0,66900.0,260000.0,1.88,0.0,227000.0,7530.0,0.0,0.0,25300.0,260000.0,-5.95,0.0,0.0,1380.0,0.0,0.0,0.0,0.0,65500.0,0.0,1000.0,0.0,0.0,0.0,0.0,24300.0,77.97356828193833,68.07692307692308,1.3394701127043134,87.3076923076923,0.7797356828193833,7.23076923076923e-06
74,7.4,9.0,4.0,1.0,13300.0,0.0,0.0,178000.0,0.0,212.0,68000.0,260000.0,1.88,0.0,227000.0,7510.0,0.0,0.0,25100.0,260000.0,-4.39,0.0,0.0,1370.0,0.0,0.0,0.0,0.0,66600.0,0.0,1000.0,0.0,0.0,0.0,0.0,24100.0,78.41409691629956,68.46153846153847,1.3314563904041292,87.3076923076923,0.7841409691629957,7.23076923076923e-06
75,7.5,9.0,5.0,1.0,11200.0,0.0,0.0,179000.0,0.0,212.0,68800.0,260000.0,1.63,0.0,227000.0,7480.0,0.0,0.0,24900.0,260000.0,-10.4,0.0,0.0,1360.0,0.0,0.0,0.0,0.0,67500.0,0.0,1010.0,0.0,0.0,0.0,0.0,23900.0,78.8546255506608,68.84615384615384,1.3234608208955223,87.3076923076923,0.7885462555066078,6.269230769230769e-06
76,7.6,9.0,6.0,1.0,9420.0,0.0,0.0,180000.0,0.0,212.0,69600.0,260000.0,1.5,0.0,227000.0,7460.0,0.0,0.0,24800.0,260000.0,-12.4,0.0,0.0,1340.0,0.0,0.0,0.0,0.0,68200.0,0.0,1020.0,0.0,0.0,0.0,0.0,23800.0,79.29515418502203,69.23076923076923,1.3156369537498551,87.3076923076923,0.7929515418502202,5.769230769230769e-06
77,7.7,9.0,7.0,1.0,7990.0,0.0,0.0,181000.0,0.0,212.0,70200.0,259000.0,1.88,0.0,227000.0,7440.0,0.0,0.0,24700.0,259000.0,-13.7,-0.01,0.0,1330.0,0.0,0.0,0.0,0.0,68800.0,0.0,1030.0,0.0,0.0,0.0,0.0,23700.0,79.73568281938326,69.88416988416989,1.3079050472459093,87.64478764478764,0.7973568281938327,7.258687258687259e-06
78,7.8,9.0,8.0,1.0,6820.0,0.0,0.0,182000.0,0.0,212.0,70700.0,259000.0,1.5,0.0,227000.0,7430.0,0.0,0.0,24700.0,259000.0,-10.7,0.0,0.0,1320.0,0.0,0.0,0.0,0.0,69300.0,0.0,1030.0,0.0,0.0,0.0,0.0,23600.0,80.1762114537445,70.27027027027027,1.3003379733058371,87.64478764478764,0.8017621145374451,5.791505791505791e-06
79,7.9,9.0,9.0,1.0,5840.0,0.0,0.0,182000.0,0.0,212.0,71100.0,259000.0,1.75,0.0,227000.0,7420.0,0.0,0.0,24600.0,259000.0,-16.3,-0.01,0.0,1320.0,0.0,0.0,0.0,0.0,69800.0,0.0,1040.0,0.0,0.0,0.0,0.0,23600.0,80.1762114537445,70.27027027027027,1.3002634895176997,87.64478764478764,0.8017621145374451,6.756756756756757e-06
80,8.0,9.0,10.0,1.0,5030.0,0.0,0.0,183000.0,0.0,212.0,71400.0,259000.0,2.25,0.0,227000.0,7410.0,0.0,0.0,24600.0,259000.0,-17.5,-0.01,0.0,1310.0,0.0,0.0,0.0,0.0,70100.0,0.0,1040.0,0.0,0.0,0.0,0.0,23600.0,80.61674008810573,70.65637065637065,1.2927843271256905,87.64478764478764,0.8061674008810573,8.687258687258687e-06
81,8.1,10.0,1.0,1.0,517.0,0.0,0.0,182000.0,0.0,212.0,70500.0,253000.0,2830.0,0.0,218000.0,7400.0,0.0,0.0,24800.0,253000.0,-15.2,-0.01,0.0,1170.0,0.0,0.0,0.0,0.0,69400.0,0.0,1110.0,0.0,0.0,0.0,0.0,23700.0,83.48623853211008,71.93675889328063,1.2485681557846506,86.16600790513834,0.8348623853211008,0.011185770750988143
82,8.2,10.0,2.0,1.0,186.0,0.0,0.0,182000.0,0.0,212.0,70400.0,253000.0,2130.0,0.0,218000.0,7400.0,0.0,0.0,24900.0,253000.0,-15.4,-0.01,0.0,1170.0,0.0,0.0,0.0,0.0,69200.0,0.0,1120.0,0.0,0.0,0.0,0.0,23800.0,83.48623853211008,71.93675889328063,1.2485681557846506,86.16600790513834,0.8348623853211008,0.008418972332015811
83,8.3,10.0,3.0,1.0,48.0,0.0,0.0,182000.0,0.0,212.0,70300.0,252000.0,1680.0,0.0,218000.0,7400.0,0.0,0.0,25000.0,252000.0,-16.7,-0.01,0.0,1170.0,0.0,0.0,0.0,0.0,69100.0,0.0,1120.0,0.0,0.0,0.0,0.0,23800.0,83.4862385321101,72.22222222222221,1.2485681557846506,86.5079365079365,0.8348623853211008,0.006666666666666667
84,8.4,10.0,4.0,1.0,7.5,0.0,0.0,182000.0,0.0,212.0,70200.0,252000.0,1390.0,0.0,218000.0,7400.0,0.0,0.0,25000.0,252000.0,-17.3,-0.01,0.0,1170.0,0.0,0.0,0.0,0.0,69000.0,0.0,1130.0,0.0,0.0,0.0,0.0,23900.0,83.4862385321101,72.22222222222221,1.2485681557846506,86.5079365079365,0.8348623853211008,0.005515873015873016
85,8.5,10.0,5.0,1.0,3.25,0.0,0.0,182000.0,0.0,212.0,70100.0,252000.0,1190.0,0.0,218000.0,7410.0,0.0,0.0,25000.0,252000.0,-16.7,-0.01,0.0,1170.0,0.0,0.0,0.0,0.0,68900.0,0.0,1130.0,0.0,0.0,0.0,0.0,23900.0,83.4862385321101,72.22222222222221,1.2486396700841973,86.5079365079365,0.8348623853211008,0.004722222222222222
86,8.6,10.0,6.0,1.0,3.38,0.0,0.0,182000.0,0.0,212.0,70000.0,252000.0,1030.0,0.0,218000.0,7410.0,0.0,0.0,25000.0,252000.0,-16.1,-0.01,0.0,1170.0,0.0,0.0,0.0,0.0,68900.0,0.0,1130.0,0.0,0.0,0.0,0.0,23900.0,83.4862385321101,72.22222222222221,1.2486396700841973,86.5079365079365,0.8348623853211008,0.004087301587301587
87,8.7,10.0,7.0,1.0,3.13,0.0,0.0,181000.0,0.0,212.0,70000.0,252000.0,904.0,0.0,218000.0,7410.0,0.0,0.0,25000.0,252000.0,-14.4,-0.01,0.0,1170.0,0.0,0.0,0.0,0.0,68800.0,0.0,1120.0,0.0,0.0,0.0,0.0,23900.0,83.02752293577981,71.82539682539682,1.2558327092574457,86.5079365079365,0.8302752293577982,0.0035873015873015873
88,8.8,10.0,8.0,1.0,3.13,0.0,0.0,181000.0,0.0,212.0,70000.0,252000.0,811.0,0.0,218000.0,7410.0,0.0,0.0,25000.0,252000.0,-14.6,-0.01,0.0,1170.0,0.0,0.0,0.0,0.0,68800.0,0.0,1120.0,0.0,0.0,0.0,0.0,23900.0,83.02752293577981,71.82539682539682,1.2558327092574457,86.5079365079365,0.8302752293577982,0.0032182539682539682
89,8.9,10.0,9.0,1.0,3.5,0.0,0.0,181000.0,0.0,212.0,69900.0,251000.0,742.0,0.0,218000.0,7410.0,0.0,0.0,25000.0,251000.0,-17.1,-0.01,0.0,1170.0,0.0,0.0,0.0,0.0,68800.0,0.0,1120.0,0.0,0.0,0.0,0.0,23900.0,83.02752293577981,72.11155378486056,1.2558327092574457,86.85258964143426,0.8302752293577982,0.002956175298804781
90,9.0,10.0,10.0,1.0,3.63,0.0,0.0,181000.0,0.0,212.0,69900.0,251000.0,685.0,0.0,218000.0,7410.0,0.0,0.0,25000.0,251000.0,-17.5,-0.01,0.0,1170.0,0.0,0.0,0.0,0.0,68800.0,0.0,1120.0,0.0,0.0,0.0,0.0,23800.0,83.02752293577981,72.11155378486056,1.2558327092574457,86.85258964143426,0.8302752293577982,0.0027290836653386455
91,9.1,11.0,1.0,1.0,36000.0,0.0,0.0,186000.0,0.0,212.0,76400.0,298000.0,2.38,0.0,267000.0,7370.0,0.0,0.0,23700.0,298000.0,-12.5,0.0,0.0,1920.0,0.0,0.0,0.0,0.0,74500.0,0.0,828.0,0.0,0.0,0.0,0.0,22900.0,69.66292134831461,62.41610738255034,1.4947097352068521,89.59731543624162,0.696629213483146,7.986577181208053e-06
92,9.2,11.0,2.0,1.0,30900.0,0.0,0.0,188000.0,0.0,212.0,78700.0,298000.0,1.75,0.0,267000.0,7340.0,0.0,0.0,23400.0,298000.0,-17.4,-0.01,0.0,1950.0,0.0,0.0,0.0,0.0,76800.0,0.0,788.0,0.0,0.0,0.0,0.0,22600.0,70.41198501872658,63.08724832214765,1.4779143141813351,89.59731543624162,0.7041198501872659,5.87248322147651e-06
93,9.3,11.0,3.0,1.0,26500.0,0.0,0.0,190000.0,0.0,212.0,80600.0,298000.0,1.5,0.0,267000.0,7300.0,0.0,0.0,23100.0,298000.0,-19.6,-0.01,0.0,1950.0,0.0,0.0,0.0,0.0,78700.0,0.0,782.0,0.0,0.0,0.0,0.0,22400.0,71.16104868913857,63.758389261744966,1.4614121510673235,89.59731543624162,0.7116104868913857,5.033557046979866e-06
94,9.4,11.0,4.0,1.0,22900.0,0.0,0.0,192000.0,0.0,212.0,82200.0,298000.0,1.75,0.0,267000.0,7270.0,0.0,0.0,23000.0,298000.0,-20.0,-0.01,0.0,1930.0,0.0,0.0,0.0,0.0,80200.0,0.0,788.0,0.0,0.0,0.0,0.0,22300.0,71.91011235955057,64.42953020134227,1.4453526768797704,89.59731543624162,0.7191011235955055,5.87248322147651e-06
95,9.5,11.0,5.0,1.0,19900.0,0.0,0.0,194000.0,0.0,212.0,83400.0,298000.0,1.5,0.0,267000.0,7230.0,0.0,0.0,23000.0,298000.0,-23.0,-0.01,0.0,1910.0,0.0,0.0,0.0,0.0,81500.0,0.0,799.0,0.0,0.0,0.0,0.0,22200.0,72.65917602996255,65.1006711409396,1.4295657760882368,89.59731543624162,0.7265917602996255,5.033557046979866e-06
96,9.6,11.0,6.0,1.0,17300.0,0.0,0.0,196000.0,0.0,212.0,84500.0,298000.0,1.5,0.0,267000.0,7200.0,0.0,0.0,23000.0,298000.0,-28.1,-0.01,0.0,1900.0,0.0,0.0,0.0,0.0,82600.0,0.0,810.0,0.0,0.0,0.0,0.0,22200.0,73.40823970037454,65.77181208053692,1.4141949152542372,89.59731543624162,0.7340823970037453,5.033557046979866e-06
97,9.7,11.0,7.0,1.0,15200.0,0.0,0.0,197000.0,0.0,212.0,85400.0,298000.0,1.38,0.0,267000.0,7170.0,0.0,0.0,23000.0,298000.0,-30.2,-0.01,0.0,1880.0,0.0,0.0,0.0,0.0,83500.0,0.0,821.0,0.0,0.0,0.0,0.0,22200.0,73.78277153558052,66.10738255033557,1.4065216246114944,89.59731543624162,0.7378277153558053,4.6308724832214765e-06
98,9.8,11.0,8.0,1.0,13500.0,0.0,0.0,198000.0,0.0,212.0,86100.0,298000.0,1.38,0.0,267000.0,7150.0,0.0,0.0,23100.0,298000.0,-38.5,-0.01,0.0,1870.0,0.0,0.0,0.0,0.0,84200.0,0.0,831.0,0.0,0.0,0.0,0.0,22200.0,74.15730337078652,66.44295302013423,1.399004453759497,89.59731543624162,0.7415730337078651,4.6308724832214765e-06
99,9.9,11.0,9.0,1.0,12000.0,0.0,0.0,199000.0,0.0,212.0,86700.0,298000.0,1.38,0.0,267000.0,7130.0,0.0,0.0,23100.0,298000.0,-39.4,-0.01,0.0,1850.0,0.0,0.0,0.0,0.0,84800.0,0.0,839.0,0.0,0.0,0.0,0.0,22300.0,74.53183520599251,66.77852348993288,1.3915672069630478,89.59731543624162,0.745318352059925,4.6308724832214765e-06
100,10.0,11.0,10.0,1.0,10700.0,0.0,0.0,200000.0,0.0,212.0,87200.0,298000.0,1.38,0.0,267000.0,7110.0,0.0,0.0,23200.0,298000.0,-26.0,-0.01,0.0,1840.0,0.0,0.0,0.0,0.0,85300.0,0.0,847.0,0.0,0.0,0.0,0.0,22300.0,74.90636704119851,67.11409395973155,1.384208616309814,89.59731543624162,0.7490636704119851,4.6308724832214765e-06
101,10.1,12.0,1.0,1.0,36300.0,0.0,0.0,204000.0,0.0,212.0,92600.0,333000.0,1.13,0.0,303000.0,7070.0,0.0,0.0,22600.0,333000.0,-30.2,-0.01,0.0,2420.0,0.0,0.0,0.0,0.0,90100.0,0.0,685.0,0.0,0.0,0.0,0.0,21900.0,67.32673267326732,61.261261261261254,1.5386177829685674,90.990990990991,0.6732673267326732,3.393393393393393e-06
102,10.2,12.0,2.0,1.0,31600.0,0.0,0.0,206000.0,0.0,212.0,94700.0,332000.0,1.5,0.0,303000.0,7030.0,0.0,0.0,22500.0,333000.0,-29.9,-0.01,0.0,2450.0,0.0,0.0,0.0,0.0,92200.0,0.0,668.0,0.0,0.0,0.0,0.0,21800.0,68.19157819396398,62.048192771084345,1.5228426395939085,90.990990990991,0.6819157819396398,4.504504504504505e-06
103,10.3,12.0,3.0,1.0,27600.0,0.0,0.0,208000.0,0.0,212.0,96400.0,332000.0,1.38,0.0,303000.0,6990.0,0.0,0.0,22400.0,332000.0,-29.0,-0.01,0.0,2440.0,0.0,0.0,0.0,0.0,94000.0,0.0,667.0,0.0,0.0,0.0,0.0,21800.0,68.64686468646865,62.65060240963856,1.5073876921546192,91.26506024096386,0.6864686468646864,4.156626506024096e-06
104,10.4,12.0,4.0,1.0,24300.0,0.0,0.0,210000.0,0.0,212.0,97800.0,332000.0,1.5,0.0,303000.0,6950.0,0.0,0.0,22500.0,332000.0,-16.6,0.0,0.0,2420.0,0.0,0.0,0.0,0.0,95400.0,0.0,671.0,0.0,0.0,0.0,0.0,21800.0,69.3069306930693,63.25301204819277,1.492243289830091,91.26506024096386,0.693069306930693,4.518072289156626e-06
105,10.5,12.0,5.0,1.0,21400.0,0.0,0.0,212000.0,0.0,212.0,99000.0,332000.0,1.88,0.0,303000.0,6920.0,0.0,0.0,22500.0,332000.0,-21.9,-0.01,0.0,2400.0,0.0,0.0,0.0,0.0,96600.0,0.0,678.0,0.0,0.0,0.0,0.0,21900.0,69.96699669966996,63.85542168674698,1.4774722059684027,91.26506024096386,0.6996699669966995,5.662650602409638e-06
106,10.6,12.0,6.0,1.0,19000.0,0.0,0.0,213000.0,0.0,212.0,99900.0,333000.0,1.75,0.0,303000.0,6890.0,0.0,0.0,22600.0,333000.0,-26.0,-0.01,0.0,2370.0,0.0,0.0,0.0,0.0,97600.0,0.0,685.0,0.0,0.0,0.0,0.0,21900.0,70.29702970297029,63.96396396396396,1.4700887875406337,90.990990990991,0.7029702970297029,5.255255255255255e-06
107,10.7,12.0,7.0,1.0,17000.0,0.0,0.0,215000.0,0.0,212.0,101000.0,333000.0,2.0,0.0,303000.0,6870.0,0.0,0.0,22700.0,333000.0,-27.1,-0.01,0.0,2350.0,0.0,0.0,0.0,0.0,98400.0,0.0,691.0,0.0,0.0,0.0,0.0,22000.0,70.95709570957095,64.56456456456456,1.4558208811800317,90.990990990991,0.7095709570957095,6.006006006006006e-06
108,10.8,12.0,8.0,1.0,15300.0,0.0,0.0,216000.0,0.0,212.0,101000.0,333000.0,1.75,0.0,303000.0,6850.0,0.0,0.0,22800.0,333000.0,-32.4,-0.01,0.0,2340.0,0.0,0.0,0.0,0.0,99100.0,0.0,697.0,0.0,0.0,0.0,0.0,22100.0,71.28712871287128,64.86486486486487,1.4487210136265838,90.990990990991,0.712871287128713,5.255255255255255e-06
109,10.9,12.0,9.0,1.0,13800.0,0.0,0.0,217000.0,0.0,212.0,102000.0,333000.0,1.75,0.0,303000.0,6830.0,0.0,0.0,22900.0,333000.0,-26.9,-0.01,0.0,2320.0,0.0,0.0,0.0,0.0,99600.0,0.0,704.0,0.0,0.0,0.0,0.0,22200.0,71.61716171617161,65.16516516516516,1.441690060427273,90.990990990991,0.7161716171617162,5.255255255255255e-06
110,11.0,12.0,10.0,1.0,12600.0,0.0,0.0,218000.0,0.0,212.0,102000.0,333000.0,2.0,0.0,303000.0,6810.0,0.0,0.0,23000.0,333000.0,-30.7,-0.01,0.0,2310.0,0.0,0.0,0.0,0.0,100000.0,0.0,711.0,0.0,0.0,0.0,0.0,22300.0,71.94719471947194,65.46546546546547,1.434727023059804,90.990990990991,0.7194719471947195,6.006006006006006e-06
111,11.1,13.0,1.0,1.0,1090.0,0.0,0.0,215000.0,0.0,212.0,97800.0,314000.0,16300.0,0.0,267000.0,6820.0,0.0,0.0,23800.0,314000.0,-28.4,-0.01,0.0,1740.0,0.0,0.0,0.0,0.0,96100.0,0.0,905.0,0.0,0.0,0.0,0.0,22900.0,80.52434456928839,68.47133757961782,1.2825439523489288,85.03184713375796,0.8052434456928838,0.05191082802547771
112,11.2,13.0,2.0,1.0,446.0,0.0,0.0,214000.0,0.0,212.0,96400.0,311000.0,12900.0,0.0,267000.0,6830.0,0.0,0.0,24100.0,311000.0,-30.4,-0.01,0.0,1700.0,0.0,0.0,0.0,0.0,94700.0,0.0,941.0,0.0,0.0,0.0,0.0,23100.0,80.1498127340824,68.81028938906752,1.2887966404402182,85.85209003215434,0.8014981273408239,0.041479099678456595
113,11.3,13.0,3.0,1.0,175.0,0.0,0.0,213000.0,0.0,212.0,95300.0,309000.0,10200.0,0.0,267000.0,6840.0,0.0,0.0,24200.0,309000.0,-30.7,-0.01,0.0,1700.0,0.0,0.0,0.0,0.0,93600.0,0.0,952.0,0.0,0.0,0.0,0.0,23300.0,79.77528089887642,68.93203883495146,1.2951105937136205,86.40776699029125,0.7977528089887641,0.03300970873786408
114,11.4,13.0,4.0,1.0,65.0,0.0,0.0,212000.0,0.0,212.0,94300.0,307000.0,8200.0,0.0,267000.0,6860.0,0.0,0.0,24400.0,307000.0,-24.3,-0.01,0.0,1700.0,0.0,0.0,0.0,0.0,92600.0,0.0,952.0,0.0,0.0,0.0,0.0,23400.0,79.4007490636704,69.05537459283387,1.3015501608657503,86.97068403908796,0.794007490636704,0.026710097719869708
115,11.5,13.0,5.0,1.0,23.6,0.0,0.0,211000.0,0.0,212.0,93600.0,305000.0,6600.0,0.0,267000.0,6870.0,0.0,0.0,24500.0,305000.0,-23.2,-0.01,0.0,1710.0,0.0,0.0,0.0,0.0,91900.0,0.0,949.0,0.0,0.0,0.0,0.0,23500.0,79.02621722846442,69.18032786885246,1.3079900063684906,87.54098360655738,0.7902621722846442,0.021639344262295083
116,11.6,13.0,6.0,1.0,8.75,0.0,0.0,211000.0,0.0,212.0,93000.0,304000.0,5330.0,0.0,267000.0,6880.0,0.0,0.0,24500.0,304000.0,-21.3,-0.01,0.0,1720.0,0.0,0.0,0.0,0.0,91300.0,0.0,945.0,0.0,0.0,0.0,0.0,23600.0,79.02621722846442,69.4078947368421,1.3080540858318637,87.82894736842105,0.790262172284644,0.017532894736842105
117,11.7,13.0,7.0,1.0,3.88,0.0,0.0,210000.0,0.0,212.0,92500.0,303000.0,4300.0,0.0,267000.0,6890.0,0.0,0.0,24600.0,303000.0,-22.5,-0.01,0.0,1730.0,0.0,0.0,0.0,0.0,90800.0,0.0,940.0,0.0,0.0,0.0,0.0,23700.0,78.65168539325842,69.3069306930693,1.3145586135591552,88.11881188118812,0.7865168539325842,0.01419141914191419
118,11.8,13.0,8.0,1.0,2.63,0.0,0.0,210000.0,0.0,212.0,92100.0,302000.0,3470.0,0.0,267000.0,6900.0,0.0,0.0,24600.0,302000.0,-15.7,-0.01,0.0,1730.0,0.0,0.0,0.0,0.0,90400.0,0.0,937.0,0.0,0.0,0.0,0.0,23700.0,78.65168539325843,69.5364238410596,1.3146233382570163,88.41059602649007,0.7865168539325842,0.011490066225165563
119,11.9,13.0,9.0,1.0,2.75,0.0,0.0,210000.0,0.0,212.0,91800.0,302000.0,2810.0,0.0,267000.0,6910.0,0.0,0.0,24700.0,302000.0,-22.8,-0.01,0.0,1740.0,0.0,0.0,0.0,0.0,90000.0,0.0,933.0,0.0,0.0,0.0,0.0,23700.0,78.65168539325843,69.5364238410596,1.314688069328869,88.41059602649007,0.7865168539325842,0.009304635761589405
120,12.0,13.0,10.0,1.0,1.75,0.0,0.0,210000.0,0.0,212.0,91500.0,301000.0,2260.0,0.0,267000.0,6920.0,0.0,0.0,24700.0,301000.0,-28.5,-0.01,0.0,1750.0,0.0,0.0,0.0,0.0,89800.0,0.0,930.0,0.0,0.0,0.0,0.0,23800.0,78.65168539325843,69.76744186046511,1.3147528067756549,88.70431893687709,0.7865168539325841,0.007508305647840532
121,12.1,14.0,1.0,1.0,24900.0,0.0,0.0,213000.0,0.0,212.0,96100.0,334000.0,3.25,0.0,303000.0,6900.0,0.0,0.0,24000.0,334000.0,-29.0,-0.01,0.0,2310.0,0.0,0.0,0.0,0.0,93800.0,0.0,732.0,0.0,0.0,0.0,0.0,23200.0,70.29702970297029,63.772455089820355,1.470160116448326,90.71856287425149,0.7029702970297029,9.730538922155688e-06
122,12.2,14.0,2.0,1.0,21500.0,0.0,0.0,214000.0,0.0,212.0,97700.0,334000.0,2.25,0.0,303000.0,6880.0,0.0,0.0,23800.0,334000.0,-25.1,-0.01,0.0,2350.0,0.0,0.0,0.0,0.0,95400.0,0.0,710.0,0.0,0.0,0.0,0.0,23100.0,70.62706270627064,64.07185628742515,1.462920046349942,90.71856287425149,0.7062706270627063,6.736526946107784e-06
123,12.3,14.0,3.0,1.0,18600.0,0.0,0.0,216000.0,0.0,212.0,99000.0,334000.0,2.38,0.0,303000.0,6860.0,0.0,0.0,23800.0,334000.0,-23.4,-0.01,0.0,2350.0,0.0,0.0,0.0,0.0,96600.0,0.0,704.0,0.0,0.0,0.0,0.0,23100.0,71.28712871287128,64.67065868263472,1.4487902840202735,90.71856287425149,0.7128712871287128,7.125748502994012e-06
124,12.4,14.0,4.0,1.0,16200.0,0.0,0.0,217000.0,0.0,212.0,100000.0,334000.0,2.0,0.0,303000.0,6840.0,0.0,0.0,23700.0,334000.0,-27.5,-0.01,0.0,2340.0,0.0,0.0,0.0,0.0,97700.0,0.0,707.0,0.0,0.0,0.0,0.0,23000.0,71.61716171617162,64.97005988023952,1.4417586600685193,90.71856287425149,0.7161716171617162,5.9880239520958085e-06
125,12.5,14.0,5.0,1.0,14200.0,0.0,0.0,218000.0,0.0,212.0,101000.0,334000.0,1.75,0.0,303000.0,6820.0,0.0,0.0,23800.0,334000.0,-26.5,-0.01,0.0,2330.0,0.0,0.0,0.0,0.0,98500.0,0.0,713.0,0.0,0.0,0.0,0.0,23100.0,71.94719471947195,65.26946107784431,1.4347949616440951,90.71856287425149,0.7194719471947195,5.239520958083832e-06
126,12.6,14.0,6.0,1.0,12500.0,0.0,0.0,219000.0,0.0,212.0,102000.0,334000.0,2.0,0.0,303000.0,6800.0,0.0,0.0,23800.0,334000.0,-32.2,-0.01,0.0,2320.0,0.0,0.0,0.0,0.0,99200.0,0.0,719.0,0.0,0.0,0.0,0.0,23100.0,72.27722772277228,65.5688622754491,1.4278982092365693,90.71856287425149,0.7227722772277229,5.9880239520958085e-06
127,12.7,14.0,7.0,1.0,11100.0,0.0,0.0,220000.0,0.0,212.0,102000.0,334000.0,1.75,0.0,303000.0,6780.0,0.0,0.0,23900.0,334000.0,-34.3,-0.01,0.0,2310.0,0.0,0.0,0.0,0.0,99800.0,0.0,724.0,0.0,0.0,0.0,0.0,23100.0,72.60726072607261,65.86826347305389,1.4210674420786042,90.71856287425149,0.7260726072607261,5.239520958083832e-06
128,12.8,14.0,8.0,1.0,9940.0,0.0,0.0,221000.0,0.0,212.0,103000.0,334000.0,1.88,0.0,303000.0,6770.0,0.0,0.0,23900.0,334000.0,-37.1,-0.01,0.0,2300.0,0.0,0.0,0.0,0.0,100000.0,0.0,730.0,0.0,0.0,0.0,0.0,23200.0,72.93729372937294,66.1676646706587,1.414367735611259,90.71856287425149,0.7293729372937295,5.628742514970059e-06
129,12.9,14.0,9.0,1.0,8940.0,0.0,0.0,222000.0,0.0,212.0,103000.0,334000.0,2.13,0.0,303000.0,6750.0,0.0,0.0,24000.0,334000.0,-42.9,-0.01,0.0,2290.0,0.0,0.0,0.0,0.0,101000.0,0.0,735.0,0.0,0.0,0.0,0.0,23200.0,73.26732673267327,66.46706586826348,1.4076655052264808,90.71856287425149,0.7326732673267328,6.377245508982036e-06
130,13.0,14.0,10.0,1.0,8100.0,0.0,0.0,222000.0,0.0,212.0,103000.0,334000.0,2.38,0.0,303000.0,6740.0,0.0,0.0,24000.0,334000.0,-42.1,-0.01,0.0,2280.0,0.0,0.0,0.0,0.0,101000.0,0.0,740.0,0.0,0.0,0.0,0.0,23300.0,73.26732673267327,66.46706586826348,1.407600111493078,90.71856287425149,0.7326732673267328,7.125748502994012e-06
131,13.1,15.0,1.0,1.0,290.0,0.0,0.0,220000.0,0.0,212.0,99100.0,319000.0,16300.0,0.0,272000.0,6750.0,0.0,0.0,24700.0,320000.0,-44.8,-0.01,0.0,1780.0,0.0,0.0,0.0,0.0,97400.0,0.0,907.0,0.0,0.0,0.0,0.0,23800.0,81.13590263691684,68.96551724137932,1.2754982415005862,85.0,0.8113590263691685,0.0509375
132,13.2,15.0,2.0,1.0,42.4,0.0,0.0,219000.0,0.0,212.0,97800.0,317000.0,13400.0,0.0,272000.0,6760.0,0.0,0.0,24900.0,317000.0,-42.6,-0.01,0.0,1750.0,0.0,0.0,0.0,0.0,96100.0,0.0,939.0,0.0,0.0,0.0,0.0,24000.0,80.51470588235294,69.08517350157729,1.2815680361854505,85.8044164037855,0.8051470588235293,0.04227129337539432
133,13.3,15.0,3.0,1.0,1.88,0.0,0.0,218000.0,0.0,212.0,96800.0,315000.0,11100.0,0.0,272000.0,6780.0,0.0,0.0,25100.0,315000.0,-37.7,-0.01,0.0,1750.0,0.0,0.0,0.0,0.0,95000.0,0.0,947.0,0.0,0.0,0.0,0.0,24100.0,80.1470588235294,69.2063492063492,1.287756841208219,86.34920634920636,0.801470588235294,0.035238095238095235
134,13.4,15.0,4.0,1.0,2.13,0.0,0.0,217000.0,0.0,212.0,95900.0,313000.0,9220.0,0.0,272000.0,6790.0,0.0,0.0,25200.0,313000.0,-39.0,-0.01,0.0,1750.0,0.0,0.0,0.0,0.0,94200.0,0.0,947.0,0.0,0.0,0.0,0.0,24200.0,79.77941176470588,69.32907348242811,1.2939441510870082,86.90095846645367,0.7977941176470589,0.029456869009584663
135,13.5,15.0,5.0,1.0,1.63,0.0,0.0,216000.0,0.0,212.0,95200.0,312000.0,7690.0,0.0,272000.0,6810.0,0.0,0.0,25200.0,312000.0,-35.8,-0.01,0.0,1760.0,0.0,0.0,0.0,0.0,93400.0,0.0,943.0,0.0,0.0,0.0,0.0,24300.0,79.41176470588235,69.23076923076923,1.3002533581911182,87.17948717948718,0.7941176470588235,0.0246474358974359
136,13.6,15.0,6.0,1.0,1.5,0.0,0.0,215000.0,0.0,212.0,94600.0,310000.0,6440.0,0.0,272000.0,6820.0,0.0,0.0,25300.0,310000.0,-36.4,-0.01,0.0,1770.0,0.0,0.0,0.0,0.0,92900.0,0.0,939.0,0.0,0.0,0.0,0.0,24300.0,79.04411764705883,69.35483870967742,1.3065616293592084,87.74193548387098,0.7904411764705882,0.020774193548387096
137,13.7,15.0,7.0,1.0,1.5,0.0,0.0,215000.0,0.0,212.0,94200.0,309000.0,5420.0,0.0,272000.0,6830.0,0.0,0.0,25300.0,309000.0,-31.5,-0.01,0.0,1770.0,0.0,0.0,0.0,0.0,92400.0,0.0,934.0,0.0,0.0,0.0,0.0,24400.0,79.04411764705883,69.57928802588997,1.3066243935245232,88.02588996763754,0.7904411764705882,0.017540453074433658
138,13.8,15.0,8.0,1.0,1.75,0.0,0.0,215000.0,0.0,212.0,93800.0,309000.0,4580.0,0.0,272000.0,6840.0,0.0,0.0,25300.0,309000.0,-33.3,-0.01,0.0,1780.0,0.0,0.0,0.0,0.0,92000.0,0.0,930.0,0.0,0.0,0.0,0.0,24400.0,79.04411764705883,69.57928802588997,1.3066871637202153,88.02588996763754,0.7904411764705882,0.014822006472491909
139,13.9,15.0,9.0,1.0,1.88,0.0,0.0,214000.0,0.0,212.0,93500.0,308000.0,3880.0,0.0,272000.0,6850.0,0.0,0.0,25300.0,308000.0,-31.5,-0.01,0.0,1790.0,0.0,0.0,0.0,0.0,91700.0,0.0,927.0,0.0,0.0,0.0,0.0,24400.0,78.67647058823529,69.48051948051948,1.313058170407917,88.31168831168831,0.7867647058823528,0.012597402597402597
140,14.0,15.0,10.0,1.0,2.0,0.0,0.0,214000.0,0.0,212.0,93200.0,307000.0,3300.0,0.0,272000.0,6850.0,0.0,0.0,25400.0,307000.0,-29.8,-0.01,0.0,1790.0,0.0,0.0,0.0,0.0,91400.0,0.0,924.0,0.0,0.0,0.0,0.0,24400.0,78.67647058823529,69.70684039087948,1.313058170407917,88.59934853420195,0.7867647058823529,0.010749185667752443
141,14.1,16.0,1.0,1.0,23900.0,0.0,0.0,217000.0,0.0,212.0,97800.0,339000.0,2.5,0.0,307000.0,6830.0,0.0,0.0,24600.0,339000.0,-28.7,-0.01,0.0,2360.0,0.0,0.0,0.0,0.0,95500.0,0.0,730.0,0.0,0.0,0.0,0.0,23900.0,70.68403908794788,64.0117994100295,1.460722272446115,90.56047197640117,0.7068403908794788,7.374631268436579e-06
142,14.2,16.0,2.0,1.0,20500.0,0.0,0.0,219000.0,0.0,212.0,99400.0,339000.0,2.38,0.0,307000.0,6820.0,0.0,0.0,24400.0,339000.0,-31.0,-0.01,0.0,2400.0,0.0,0.0,0.0,0.0,97000.0,0.0,708.0,0.0,0.0,0.0,0.0,23700.0,71.33550488599349,64.60176991150442,1.446884720520313,90.56047197640117,0.7133550488599348,7.020648967551622e-06
143,14.3,16.0,3.0,1.0,17700.0,0.0,0.0,220000.0,0.0,212.0,101000.0,339000.0,1.75,0.0,307000.0,6800.0,0.0,0.0,24300.0,339000.0,-35.4,-0.01,0.0,2400.0,0.0,0.0,0.0,0.0,98200.0,0.0,702.0,0.0,0.0,0.0,0.0,23600.0,71.6612377850163,64.89675516224189,1.4399624765478425,90.56047197640117,0.716612377850163,5.162241887905605e-06
144,14.4,16.0,4.0,1.0,15300.0,0.0,0.0,221000.0,0.0,212.0,102000.0,339000.0,1.75,0.0,307000.0,6780.0,0.0,0.0,24300.0,339000.0,-36.3,-0.01,0.0,2390.0,0.0,0.0,0.0,0.0,99300.0,0.0,703.0,0.0,0.0,0.0,0.0,23600.0,71.9869706840391,65.19174041297934,1.4331061525534496,90.56047197640117,0.7198697068403909,5.162241887905605e-06
145,14.5,16.0,5.0,1.0,13300.0,0.0,0.0,222000.0,0.0,212.0,103000.0,339000.0,2.0,0.0,307000.0,6760.0,0.0,0.0,24300.0,339000.0,-38.3,-0.01,0.0,2380.0,0.0,0.0,0.0,0.0,100000.0,0.0,708.0,0.0,0.0,0.0,0.0,23600.0,72.31270358306189,65.48672566371681,1.4263148113733506,90.56047197640117,0.7231270358306189,5.899705014749263e-06
146,14.6,16.0,6.0,1.0,11700.0,0.0,0.0,223000.0,0.0,212.0,103000.0,339000.0,2.0,0.0,307000.0,6740.0,0.0,0.0,24400.0,339000.0,-41.4,-0.01,0.0,2370.0,0.0,0.0,0.0,0.0,101000.0,0.0,714.0,0.0,0.0,0.0,0.0,23600.0,72.63843648208469,65.78171091445427,1.4195875335244612,90.56047197640117,0.7263843648208468,5.899705014749263e-06
147,14.7,16.0,7.0,1.0,10300.0,0.0,0.0,224000.0,0.0,212.0,104000.0,339000.0,1.88,0.0,307000.0,6720.0,0.0,0.0,24400.0,339000.0,-47.8,-0.01,0.0,2360.0,0.0,0.0,0.0,0.0,101000.0,0.0,720.0,0.0,0.0,0.0,0.0,23700.0,72.9641693811075,66.07669616519173,1.4129234167893963,90.56047197640117,0.7296416938110749,5.545722713864306e-06
148,14.8,16.0,8.0,1.0,9200.0,0.0,0.0,225000.0,0.0,212.0,104000.0,339000.0,1.63,0.0,307000.0,6710.0,0.0,0.0,24400.0,339000.0,-32.6,-0.01,0.0,2350.0,0.0,0.0,0.0,0.0,102000.0,0.0,725.0,0.0,0.0,0.0,0.0,23700.0,73.28990228013029,66.3716814159292,1.4063860002748638,90.56047197640117,0.7328990228013029,4.808259587020648e-06
149,14.9,16.0,9.0,1.0,8240.0,0.0,0.0,226000.0,0.0,212.0,105000.0,339000.0,1.75,0.0,307000.0,6700.0,0.0,0.0,24500.0,339000.0,-29.9,-0.01,0.0,2340.0,0.0,0.0,0.0,0.0,102000.0,0.0,730.0,0.0,0.0,0.0,0.0,23800.0,73.61563517915309,66.66666666666666,1.3999088007295941,90.56047197640117,0.7361563517915308,5.162241887905605e-06
150,15.0,16.0,10.0,1.0,7430.0,0.0,0.0,226000.0,0.0,212.0,105000.0,339000.0,1.88,0.0,307000.0,6690.0,0.0,0.0,24600.0,339000.0,-31.5,-0.01,0.0,2330.0,0.0,0.0,0.0,0.0,103000.0,0.0,735.0,0.0,0.0,0.0,0.0,23800.0,73.61563517915309,66.66666666666666,1.3998449683096985,90.56047197640117,0.7361563517915308,5.545722713864306e-06
151,15.1,17.0,1.0,1.0,297.0,0.0,0.0,224000.0,0.0,212.0,101000.0,326000.0,13600.0,0.0,281000.0,6700.0,0.0,0.0,25100.0,326000.0,-32.9,-0.01,0.0,1890.0,0.0,0.0,0.0,0.0,99500.0,0.0,874.0,0.0,0.0,0.0,0.0,24200.0,79.7153024911032,68.71165644171779,1.2931431201104464,86.1963190184049,0.797153024911032,0.04171779141104295
152,15.2,17.0,2.0,1.0,50.0,0.0,0.0,223000.0,0.0,212.0,100000.0,324000.0,11100.0,0.0,281000.0,6710.0,0.0,0.0,25300.0,324000.0,-35.8,-0.01,0.0,1870.0,0.0,0.0,0.0,0.0,98400.0,0.0,901.0,0.0,0.0,0.0,0.0,24400.0,79.35943060498221,68.82716049382715,1.2991816542604837,86.72839506172839,0.793594306049822,0.03425925925925926
153,15.3,17.0,3.0,1.0,3.25,0.0,0.0,222000.0,0.0,212.0,99400.0,322000.0,9190.0,0.0,281000.0,6720.0,0.0,0.0,25400.0,322000.0,-32.5,-0.01,0.0,1860.0,0.0,0.0,0.0,0.0,97600.0,0.0,909.0,0.0,0.0,0.0,0.0,24500.0,79.0035587188612,68.94409937888199,1.3052768487551096,87.26708074534162,0.7900355871886121,0.028540372670807453
154,15.4,17.0,4.0,1.0,2.13,0.0,0.0,222000.0,0.0,212.0,98700.0,321000.0,7640.0,0.0,281000.0,6730.0,0.0,0.0,25500.0,321000.0,-30.2,-0.01,0.0,1870.0,0.0,0.0,0.0,0.0,96800.0,0.0,909.0,0.0,0.0,0.0,0.0,24600.0,79.00355871886121,69.1588785046729,1.3053374831606819,87.53894080996885,0.7900355871886121,0.0238006230529595
155,15.5,17.0,5.0,1.0,1.75,0.0,0.0,221000.0,0.0,212.0,98100.0,319000.0,6370.0,0.0,281000.0,6740.0,0.0,0.0,25500.0,319000.0,-32.8,-0.01,0.0,1870.0,0.0,0.0,0.0,0.0,96200.0,0.0,906.0,0.0,0.0,0.0,0.0,24600.0,78.6476868327402,69.27899686520375,1.3114907122187995,88.08777429467085,0.7864768683274019,0.019968652037617555
156,15.6,17.0,6.0,1.0,1.5,0.0,0.0,221000.0,0.0,212.0,97600.0,318000.0,5330.0,0.0,281000.0,6750.0,0.0,0.0,25600.0,318000.0,-33.7,-0.01,0.0,1880.0,0.0,0.0,0.0,0.0,95700.0,0.0,903.0,0.0,0.0,0.0,0.0,24700.0,78.6476868327402,69.49685534591194,1.3115519253208867,88.36477987421384,0.786476868327402,0.016761006289308177
157,15.7,17.0,7.0,1.0,1.5,0.0,0.0,220000.0,0.0,212.0,97200.0,318000.0,4470.0,0.0,281000.0,6760.0,0.0,0.0,25600.0,318000.0,-28.4,-0.01,0.0,1890.0,0.0,0.0,0.0,0.0,95300.0,0.0,899.0,0.0,0.0,0.0,0.0,24700.0,78.29181494661921,69.18238993710692,1.31776402175952,88.36477987421384,0.7829181494661922,0.014056603773584905
158,15.8,17.0,8.0,1.0,1.5,0.0,0.0,220000.0,0.0,212.0,96900.0,317000.0,3770.0,0.0,281000.0,6760.0,0.0,0.0,25600.0,317000.0,-43.9,-0.01,0.0,1890.0,0.0,0.0,0.0,0.0,95000.0,0.0,896.0,0.0,0.0,0.0,0.0,24700.0,78.29181494661923,69.4006309148265,1.31776402175952,88.64353312302839,0.7829181494661921,0.011892744479495268
159,15.9,17.0,9.0,1.0,1.75,0.0,0.0,219000.0,0.0,212.0,96600.0,316000.0,3190.0,0.0,281000.0,6770.0,0.0,0.0,25600.0,316000.0,-43.7,-0.01,0.0,1900.0,0.0,0.0,0.0,0.0,94700.0,0.0,893.0,0.0,0.0,0.0,0.0,24800.0,77.93594306049823,69.30379746835443,1.3240352447816048,88.92405063291139,0.7793594306049823,0.010094936708860759
160,16.0,17.0,10.0,1.0,2.13,0.0,0.0,219000.0,0.0,212.0,96400.0,316000.0,2710.0,0.0,281000.0,6780.0,0.0,0.0,25700.0,316000.0,-41.7,-0.01,0.0,1900.0,0.0,0.0,0.0,0.0,94500.0,0.0,891.0,0.0,0.0,0.0,0.0,24800.0,77.93594306049823,69.30379746835443,1.3240976345302045,88.92405063291139,0.7793594306049823,0.008575949367088607
161,16.1,18.0,1.0,1.0,4390.0,0.0,0.0,220000.0,0.0,212.0,97400.0,322000.0,22.4,0.0,290000.0,6770.0,0.0,0.0,25500.0,322000.0,-41.4,-0.01,0.0,2040.0,0.0,0.0,0.0,0.0,95400.0,0.0,838.0,0.0,0.0,0.0,0.0,24600.0,75.86206896551724,68.32298136645963,1.3600337663555784,90.06211180124224,0.7586206896551724,6.956521739130434e-05
162,16.2,18.0,2.0,1.0,3770.0,0.0,0.0,220000.0,0.0,212.0,97700.0,322000.0,6.13,0.0,290000.0,6770.0,0.0,0.0,25400.0,322000.0,-43.9,-0.01,0.0,2050.0,0.0,0.0,0.0,0.0,95700.0,0.0,828.0,0.0,0.0,0.0,0.0,24600.0,75.86206896551724,68.32298136645963,1.3600337663555784,90.06211180124224,0.7586206896551724,1.903726708074534e-05
163,16.3,18.0,3.0,1.0,3260.0,0.0,0.0,220000.0,0.0,212.0,97900.0,322000.0,4.75,0.0,290000.0,6770.0,0.0,0.0,25400.0,322000.0,-41.2,-0.01,0.0,2050.0,0.0,0.0,0.0,0.0,95900.0,0.0,826.0,0.0,0.0,0.0,0.0,24600.0,75.86206896551724,68.32298136645963,1.3600337663555784,90.06211180124224,0.7586206896551724,1.4751552795031055e-05
164,16.4,18.0,4.0,1.0,2830.0,0.0,0.0,221000.0,0.0,212.0,98100.0,322000.0,4.25,0.0,290000.0,6770.0,0.0,0.0,25400.0,322000.0,-45.6,-0.01,0.0,2050.0,0.0,0.0,0.0,0.0,96000.0,0.0,827.0,0.0,0.0,0.0,0.0,24600.0,76.20689655172413,68.63354037267081,1.3536852915091258,90.06211180124224,0.7620689655172413,1.3198757763975155e-05
165,16.5,18.0,5.0,1.0,2480.0,0.0,0.0,221000.0,0.0,212.0,98200.0,322000.0,2.88,0.0,290000.0,6760.0,0.0,0.0,25400.0,322000.0,-42.4,-0.01,0.0,2050.0,0.0,0.0,0.0,0.0,96200.0,0.0,827.0,0.0,0.0,0.0,0.0,24600.0,76.20689655172413,68.63354037267081,1.3536221060492906,90.06211180124224,0.7620689655172413,8.944099378881988e-06
166,16.6,18.0,6.0,1.0,2190.0,0.0,0.0,221000.0,0.0,212.0,98300.0,322000.0,3.63,0.0,290000.0,6760.0,0.0,0.0,25400.0,322000.0,-47.4,-0.01,0.0,2050.0,0.0,0.0,0.0,0.0,96300.0,0.0,828.0,0.0,0.0,0.0,0.0,24600.0,76.20689655172413,68.63354037267081,1.3536221060492906,90.06211180124224,0.7620689655172413,1.1273291925465838e-05
167,16.7,18.0,7.0,1.0,1960.0,0.0,0.0,221000.0,0.0,212.0,98400.0,322000.0,3.25,0.0,290000.0,6760.0,0.0,0.0,25400.0,322000.0,-43.3,-0.01,0.0,2050.0,0.0,0.0,0.0,0.0,96400.0,0.0,829.0,0.0,0.0,0.0,0.0,24600.0,76.20689655172413,68.63354037267081,1.3536221060492906,90.06211180124224,0.7620689655172413,1.0093167701863353e-05
168,16.8,18.0,8.0,1.0,1760.0,0.0,0.0,221000.0,0.0,212.0,98500.0,322000.0,3.38,0.0,290000.0,6760.0,0.0,0.0,25400.0,322000.0,-44.0,-0.01,0.0,2040.0,0.0,0.0,0.0,0.0,96400.0,0.0,830.0,0.0,0.0,0.0,0.0,24600.0,76.20689655172413,68.63354037267081,1.3536221060492906,90.06211180124224,0.7620689655172413,1.0496894409937888e-05
169,16.9,18.0,9.0,1.0,1600.0,0.0,0.0,221000.0,0.0,212.0,98500.0,322000.0,3.13,0.0,290000.0,6750.0,0.0,0.0,25400.0,322000.0,-44.7,-0.01,0.0,2040.0,0.0,0.0,0.0,0.0,96500.0,0.0,831.0,0.0,0.0,0.0,0.0,24600.0,76.20689655172413,68.63354037267081,1.353558926487748,90.06211180124224,0.7620689655172413,9.720496894409938e-06
170,17.0,18.0,10.0,1.0,1470.0,0.0,0.0,222000.0,0.0,212.0,98600.0,322000.0,3.25,0.0,290000.0,6750.0,0.0,0.0,25400.0,322000.0,-47.7,-0.01,0.0,2040.0,0.0,0.0,0.0,0.0,96500.0,0.0,832.0,0.0,0.0,0.0,0.0,24600.0,76.55172413793103,68.94409937888199,1.3472706155632985,90.06211180124224,0.7655172413793103,1.0093167701863353e-05
171,17.1,19.0,1.0,1.0,1360.0,0.0,0.0,222000.0,0.0,212.0,98600.0,322000.0,3.13,0.0,290000.0,6750.0,0.0,0.0,25500.0,322000.0,-46.1,-0.01,0.0,2040.0,0.0,0.0,0.0,0.0,96600.0,0.0,833.0,0.0,0.0,0.0,0.0,24600.0,76.55172413793103,68.94409937888199,1.3472706155632985,90.06211180124224,0.7655172413793103,9.720496894409938e-06
172,17.2,19.0,2.0,1.0,1260.0,0.0,0.0,222000.0,0.0,212.0,98600.0,322000.0,3.75,0.0,290000.0,6750.0,0.0,0.0,25500.0,322000.0,-46.2,-0.01,0.0,2040.0,0.0,0.0,0.0,0.0,96600.0,0.0,833.0,0.0,0.0,0.0,0.0,24600.0,76.55172413793103,68.94409937888199,1.3472706155632985,90.06211180124224,0.7655172413793103,1.1645962732919255e-05
173,17.3,19.0,3.0,1.0,1180.0,0.0,0.0,222000.0,0.0,212.0,98700.0,322000.0,3.5,0.0,290000.0,6750.0,0.0,0.0,25500.0,322000.0,-48.0,-0.01,0.0,2040.0,0.0,0.0,0.0,0.0,96600.0,0.0,834.0,0.0,0.0,0.0,0.0,24600.0,76.55172413793103,68.94409937888199,1.3472706155632985,90.06211180124224,0.7655172413793103,1.0869565217391305e-05
174,17.4,19.0,4.0,1.0,1110.0,0.0,0.0,222000.0,0.0,212.0,98700.0,322000.0,3.5,0.0,290000.0,6750.0,0.0,0.0,25500.0,322000.0,-46.7,-0.01,0.0,2040.0,0.0,0.0,0.0,0.0,96600.0,0.0,835.0,0.0,0.0,0.0,0.0,24700.0,76.55172413793103,68.94409937888199,1.3472706155632985,90.06211180124224,0.7655172413793103,1.0869565217391305e-05
175,17.5,19.0,5.0,1.0,1040.0,0.0,0.0,222000.0,0.0,212.0,98700.0,322000.0,3.38,0.0,290000.0,6740.0,0.0,0.0,25500.0,322000.0,-48.2,-0.01,0.0,2040.0,0.0,0.0,0.0,0.0,96600.0,0.0,835.0,0.0,0.0,0.0,0.0,24700.0,76.55172413793103,68.94409937888199,1.347208027501626,90.06211180124224,0.7655172413793103,1.0496894409937888e-05
176,17.6,19.0,6.0,1.0,993.0,0.0,0.0,222000.0,0.0,212.0,98700.0,322000.0,3.88,0.0,290000.0,6740.0,0.0,0.0,25500.0,322000.0,-46.3,-0.01,0.0,2040.0,0.0,0.0,0.0,0.0,96700.0,0.0,836.0,0.0,0.0,0.0,0.0,24700.0,76.55172413793103,68.94409937888199,1.347208027501626,90.06211180124224,0.7655172413793103,1.2049689440993788e-05
177,17.7,19.0,7.0,1.0,942.0,0.0,0.0,222000.0,0.0,212.0,98700.0,322000.0,3.38,0.0,290000.0,6740.0,0.0,0.0,25500.0,322000.0,-49.7,-0.02,0.0,2040.0,0.0,0.0,0.0,0.0,96700.0,0.0,836.0,0.0,0.0,0.0,0.0,24700.0,76.55172413793103,68.94409937888199,1.347208027501626,90.06211180124224,0.7655172413793103,1.0496894409937888e-05
178,17.8,19.0,8.0,1.0,904.0,0.0,0.0,222000.0,0.0,212.0,98700.0,322000.0,3.75,0.0,290000.0,6740.0,0.0,0.0,25600.0,322000.0,-45.9,-0.01,0.0,2030.0,0.0,0.0,0.0,0.0,96700.0,0.0,837.0,0.0,0.0,0.0,0.0,24700.0,76.55172413793103,68.94409937888199,1.347208027501626,90.06211180124224,0.7655172413793103,1.1645962732919255e-05
179,17.9,19.0,9.0,1.0,862.0,0.0,0.0,222000.0,0.0,212.0,98700.0,322000.0,3.63,0.0,290000.0,6740.0,0.0,0.0,25600.0,322000.0,-32.7,-0.01,0.0,2030.0,0.0,0.0,0.0,0.0,96700.0,0.0,837.0,0.0,0.0,0.0,0.0,24700.0,76.55172413793103,68.94409937888199,1.347208027501626,90.06211180124224,0.7655172413793103,1.1273291925465838e-05
180,18.0,19.0,10.0,1.0,826.0,0.0,0.0,222000.0,0.0,212.0,98700.0,322000.0,4.0,0.0,290000.0,6740.0,0.0,0.0,25600.0,322000.0,-34.1,-0.01,0.0,2030.0,0.0,0.0,0.0,0.0,96700.0,0.0,837.0,0.0,0.0,0.0,0.0,24800.0,76.55172413793103,68.94409937888199,1.347208027501626,90.06211180124224,0.7655172413793103,1.2422360248447205e-05
181,18.1,20.0,1.0,1.0,38.8,0.0,0.0,222000.0,0.0,212.0,98100.0,320000.0,2580.0,0.0,285000.0,6740.0,0.0,0.0,25700.0,320000.0,-30.6,-0.01,0.0,1960.0,0.0,0.0,0.0,0.0,96100.0,0.0,863.0,0.0,0.0,0.0,0.0,24800.0,77.89473684210526,69.375,1.323980302889529,89.0625,0.7789473684210526,0.0080625
182,18.2,20.0,2.0,1.0,10.8,0.0,0.0,222000.0,0.0,212.0,97900.0,320000.0,2110.0,0.0,285000.0,6740.0,0.0,0.0,25700.0,320000.0,-31.4,-0.01,0.0,1960.0,0.0,0.0,0.0,0.0,95900.0,0.0,867.0,0.0,0.0,0.0,0.0,24900.0,77.89473684210526,69.375,1.323980302889529,89.0625,0.7789473684210526,0.00659375
183,18.3,20.0,3.0,1.0,4.13,0.0,0.0,221000.0,0.0,212.0,97700.0,319000.0,1730.0,0.0,285000.0,6750.0,0.0,0.0,25800.0,319000.0,-30.6,-0.01,0.0,1960.0,0.0,0.0,0.0,0.0,95700.0,0.0,868.0,0.0,0.0,0.0,0.0,24900.0,77.54385964912281,69.27899686520375,1.3302217036172694,89.34169278996865,0.775438596491228,0.005423197492163009
184,18.4,20.0,4.0,1.0,3.25,0.0,0.0,221000.0,0.0,212.0,97600.0,319000.0,1430.0,0.0,285000.0,6750.0,0.0,0.0,25800.0,319000.0,-31.6,-0.01,0.0,1960.0,0.0,0.0,0.0,0.0,95600.0,0.0,868.0,0.0,0.0,0.0,0.0,24900.0,77.54385964912281,69.27899686520375,1.3302217036172694,89.34169278996865,0.775438596491228,0.004482758620689655
185,18.5,20.0,5.0,1.0,3.0,0.0,0.0,221000.0,0.0,212.0,97400.0,319000.0,1170.0,0.0,285000.0,6750.0,0.0,0.0,25800.0,319000.0,-28.8,-0.01,0.0,1960.0,0.0,0.0,0.0,0.0,95500.0,0.0,868.0,0.0,0.0,0.0,0.0,24900.0,77.54385964912281,69.27899686520375,1.3302217036172694,89.34169278996865,0.775438596491228,0.0036677115987460815
186,18.6,20.0,6.0,1.0,3.13,0.0,0.0,221000.0,0.0,212.0,97300.0,319000.0,958.0,0.0,285000.0,6750.0,0.0,0.0,25800.0,319000.0,-27.6,-0.01,0.0,1960.0,0.0,0.0,0.0,0.0,95400.0,0.0,867.0,0.0,0.0,0.0,0.0,25000.0,77.54385964912281,69.27899686520375,1.3302217036172694,89.34169278996865,0.775438596491228,0.0030031347962382444
187,18.7,20.0,7.0,1.0,3.63,0.0,0.0,221000.0,0.0,212.0,97200.0,319000.0,790.0,0.0,285000.0,6750.0,0.0,0.0,25800.0,319000.0,-31.7,-0.01,0.0,1970.0,0.0,0.0,0.0,0.0,95300.0,0.0,866.0,0.0,0.0,0.0,0.0,25000.0,77.54385964912281,69.27899686520375,1.3302217036172694,89.34169278996865,0.775438596491228,0.0024764890282131663
188,18.8,20.0,8.0,1.0,3.63,0.0,0.0,221000.0,0.0,212.0,97200.0,318000.0,640.0,0.0,285000.0,6760.0,0.0,0.0,25800.0,318000.0,-27.1,-0.01,0.0,1970.0,0.0,0.0,0.0,0.0,95200.0,0.0,866.0,0.0,0.0,0.0,0.0,25000.0,77.54385964912281,69.49685534591194,1.3302837938760268,89.62264150943396,0.7754385964912279,0.002012578616352201
189,18.9,20.0,9.0,1.0,4.0,0.0,0.0,221000.0,0.0,212.0,97100.0,318000.0,521.0,0.0,285000.0,6760.0,0.0,0.0,25800.0,318000.0,-26.0,-0.01,0.0,1970.0,0.0,0.0,0.0,0.0,95100.0,0.0,865.0,0.0,0.0,0.0,0.0,25000.0,77.54385964912281,69.49685534591194,1.3302837938760268,89.62264150943396,0.7754385964912279,0.0016383647798742138
190,19.0,20.0,10.0,1.0,3.88,0.0,0.0,221000.0,0.0,212.0,97100.0,318000.0,422.0,0.0,285000.0,6760.0,0.0,0.0,25800.0,318000.0,-27.1,-0.01,0.0,1970.0,0.0,0.0,0.0,0.0,95100.0,0.0,865.0,0.0,0.0,0.0,0.0,25000.0,77.54385964912281,69.49685534591194,1.3302837938760268,89.62264150943396,0.7754385964912279,0.0013270440251572327
191,19.1,21.0,1.0,1.0,6340.0,0.0,0.0,222000.0,0.0,212.0,98200.0,326000.0,3.13,0.0,294000.0,6750.0,0.0,0.0,25700.0,327000.0,-26.7,-0.01,0.0,2110.0,0.0,0.0,0.0,0.0,96100.0,0.0,815.0,0.0,0.0,0.0,0.0,24800.0,75.7418304745211,68.09815950920245,1.3658536585365855,89.90825688073394,0.7574183047452109,9.571865443425077e-06
192,19.2,21.0,2.0,1.0,5470.0,0.0,0.0,222000.0,0.0,212.0,98600.0,326000.0,2.75,0.0,294000.0,6750.0,0.0,0.0,25600.0,326000.0,-28.2,-0.01,0.0,2120.0,0.0,0.0,0.0,0.0,96500.0,0.0,810.0,0.0,0.0,0.0,0.0,24800.0,75.51020408163265,68.09815950920245,1.3658536585365855,90.1840490797546,0.7551020408163265,8.435582822085889e-06
193,19.3,21.0,3.0,1.0,4740.0,0.0,0.0,223000.0,0.0,212.0,98900.0,326000.0,2.75,0.0,294000.0,6740.0,0.0,0.0,25600.0,326000.0,-29.0,-0.01,0.0,2120.0,0.0,0.0,0.0,0.0,96800.0,0.0,809.0,0.0,0.0,0.0,0.0,24800.0,75.85034013605443,68.40490797546013,1.3594747063719597,90.1840490797546,0.7585034013605444,8.435582822085889e-06
194,19.4,21.0,4.0,1.0,4130.0,0.0,0.0,223000.0,0.0,212.0,99200.0,326000.0,2.38,0.0,294000.0,6740.0,0.0,0.0,25600.0,326000.0,-29.6,-0.01,0.0,2120.0,0.0,0.0,0.0,0.0,97100.0,0.0,810.0,0.0,0.0,0.0,0.0,24800.0,75.85034013605443,68.40490797546013,1.3594747063719597,90.1840490797546,0.7585034013605444,7.300613496932515e-06
195,19.5,21.0,5.0,1.0,3620.0,0.0,0.0,223000.0,0.0,212.0,99400.0,326000.0,2.5,0.0,294000.0,6730.0,0.0,0.0,25600.0,326000.0,-31.0,-0.01,0.0,2110.0,0.0,0.0,0.0,0.0,97300.0,0.0,811.0,0.0,0.0,0.0,0.0,24800.0,75.85034013605443,68.40490797546013,1.359411846303232,90.1840490797546,0.7585034013605444,7.668711656441718e-06
196,19.6,21.0,6.0,1.0,3190.0,0.0,0.0,223000.0,0.0,212.0,99600.0,326000.0,2.75,0.0,294000.0,6730.0,0.0,0.0,25600.0,326000.0,-32.8,-0.01,0.0,2110.0,0.0,0.0,0.0,0.0,97400.0,0.0,813.0,0.0,0.0,0.0,0.0,24800.0,75.85034013605443,68.40490797546013,1.359411846303232,90.1840490797546,0.7585034013605444,8.435582822085889e-06
197,19.7,21.0,7.0,1.0,2840.0,0.0,0.0,224000.0,0.0,212.0,99700.0,326000.0,2.5,0.0,294000.0,6730.0,0.0,0.0,25600.0,326000.0,-30.2,-0.01,0.0,2110.0,0.0,0.0,0.0,0.0,97600.0,0.0,815.0,0.0,0.0,0.0,0.0,24800.0,76.1904761904762,68.71165644171779,1.3531550605237723,90.1840490797546,0.761904761904762,7.668711656441718e-06
198,19.8,21.0,8.0,1.0,2540.0,0.0,0.0,224000.0,0.0,212.0,99800.0,326000.0,2.63,0.0,294000.0,6720.0,0.0,0.0,25600.0,326000.0,-30.7,-0.01,0.0,2100.0,0.0,0.0,0.0,0.0,97700.0,0.0,816.0,0.0,0.0,0.0,0.0,24800.0,76.1904761904762,68.71165644171779,1.3530927835051547,90.1840490797546,0.761904761904762,8.067484662576686e-06
199,19.9,21.0,9.0,1.0,2290.0,0.0,0.0,224000.0,0.0,212.0,99900.0,326000.0,2.5,0.0,294000.0,6720.0,0.0,0.0,25600.0,326000.0,-32.1,-0.01,0.0,2100.0,0.0,0.0,0.0,0.0,97800.0,0.0,818.0,0.0,0.0,0.0,0.0,24800.0,76.1904761904762,68.71165644171779,1.3530927835051547,90.1840490797546,0.761904761904762,7.668711656441718e-06
200,20.0,21.0,10.0,1.0,2080.0,0.0,0.0,224000.0,0.0,212.0,100000.0,326000.0,2.63,0.0,294000.0,6720.0,0.0,0.0,25700.0,326000.0,-34.1,-0.01,0.0,2100.0,0.0,0.0,0.0,0.0,97900.0,0.0,819.0,0.0,0.0,0.0,0.0,24800.0,76.1904761904762,68.71165644171779,1.3530927835051547,90.1840490797546,0.761904761904762,8.067484662576686e-06
201,20.1,22.0,1.0,1.0,2.63,0.0,0.0,223000.0,0.0,212.0,97600.0,320000.0,11400.0,0.0,276000.0,6730.0,0.0,0.0,26100.0,321000.0,-31.3,-0.01,0.0,1820.0,0.0,0.0,0.0,0.0,95800.0,0.0,918.0,0.0,0.0,0.0,0.0,25100.0,81.04959239130434,69.6875,1.2761825495907893,85.98130841121495,0.8104959239130435,0.03551401869158879
202,20.2,22.0,2.0,1.0,1.88,0.0,0.0,222000.0,0.0,212.0,96800.0,319000.0,9720.0,0.0,276000.0,6730.0,0.0,0.0,26200.0,319000.0,-32.5,-0.01,0.0,1800.0,0.0,0.0,0.0,0.0,95000.0,0.0,934.0,0.0,0.0,0.0,0.0,25200.0,80.43478260869566,69.59247648902821,1.2821108375528407,86.52037617554859,0.8043478260869565,0.030470219435736676
203,20.3,22.0,3.0,1.0,1.75,0.0,0.0,221000.0,0.0,212.0,96200.0,318000.0,8270.0,0.0,276000.0,6740.0,0.0,0.0,26300.0,318000.0,-30.9,-0.01,0.0,1800.0,0.0,0.0,0.0,0.0,94400.0,0.0,938.0,0.0,0.0,0.0,0.0,25300.0,80.07246376811594,69.49685534591194,1.288154578549426,86.79245283018868,0.8007246376811593,0.0260062893081761
204,20.4,22.0,4.0,1.0,1.75,0.0,0.0,221000.0,0.0,212.0,95600.0,316000.0,7050.0,0.0,276000.0,6750.0,0.0,0.0,26300.0,316000.0,-26.8,-0.01,0.0,1810.0,0.0,0.0,0.0,0.0,93800.0,0.0,937.0,0.0,0.0,0.0,0.0,25400.0,80.07246376811594,69.9367088607595,1.2882147024504085,87.34177215189874,0.8007246376811594,0.022310126582278482
205,20.5,22.0,5.0,1.0,1.5,0.0,0.0,220000.0,0.0,212.0,95200.0,315000.0,6050.0,0.0,276000.0,6760.0,0.0,0.0,26300.0,315000.0,-31.4,-0.01,0.0,1810.0,0.0,0.0,0.0,0.0,93400.0,0.0,934.0,0.0,0.0,0.0,0.0,25400.0,79.71014492753623,69.84126984126983,1.2943162633652223,87.61904761904762,0.7971014492753622,0.019206349206349206
206,20.6,22.0,6.0,1.0,1.75,0.0,0.0,220000.0,0.0,212.0,94800.0,315000.0,5210.0,0.0,276000.0,6770.0,0.0,0.0,26300.0,315000.0,-27.1,-0.01,0.0,1820.0,0.0,0.0,0.0,0.0,93000.0,0.0,931.0,0.0,0.0,0.0,0.0,25400.0,79.71014492753623,69.84126984126983,1.294376963841861,87.61904761904762,0.7971014492753622,0.016539682539682538
207,20.7,22.0,7.0,1.0,1.75,0.0,0.0,219000.0,0.0,212.0,94500.0,314000.0,4520.0,0.0,276000.0,6780.0,0.0,0.0,26300.0,314000.0,-43.3,-0.01,0.0,1820.0,0.0,0.0,0.0,0.0,92700.0,0.0,928.0,0.0,0.0,0.0,0.0,25400.0,79.34782608695652,69.7452229299363,1.300537178399774,87.89808917197452,0.7934782608695652,0.014394904458598727
208,20.8,22.0,8.0,1.0,2.0,0.0,0.0,219000.0,0.0,212.0,94300.0,313000.0,3950.0,0.0,276000.0,6790.0,0.0,0.0,26300.0,313000.0,-43.7,-0.01,0.0,1830.0,0.0,0.0,0.0,0.0,92400.0,0.0,925.0,0.0,0.0,0.0,0.0,25400.0,79.34782608695652,69.96805111821087,1.3005984637858725,88.17891373801918,0.7934782608695652,0.012619808306709265
209,20.9,22.0,9.0,1.0,2.0,0.0,0.0,219000.0,0.0,212.0,94100.0,313000.0,3460.0,0.0,276000.0,6790.0,0.0,0.0,26300.0,313000.0,-43.2,-0.01,0.0,1830.0,0.0,0.0,0.0,0.0,92200.0,0.0,922.0,0.0,0.0,0.0,0.0,25400.0,79.34782608695652,69.96805111821087,1.3005984637858725,88.17891373801918,0.7934782608695652,0.011054313099041533
210,21.0,22.0,10.0,1.0,1.63,0.0,0.0,218000.0,0.0,212.0,93900.0,312000.0,3050.0,0.0,276000.0,6800.0,0.0,0.0,26300.0,312000.0,-40.7,-0.01,0.0,1840.0,0.0,0.0,0.0,0.0,92100.0,0.0,920.0,0.0,0.0,0.0,0.0,25400.0,78.98550724637681,69.87179487179486,1.3068181818181819,88.46153846153845,0.7898550724637681,0.009775641025641026
211,21.1,23.0,1.0,1.0,10600.0,0.0,0.0,220000.0,0.0,212.0,96200.0,327000.0,4.13,0.0,294000.0,6790.0,0.0,0.0,25900.0,327000.0,-41.9,-0.01,0.0,2110.0,0.0,0.0,0.0,0.0,94100.0,0.0,816.0,0.0,0.0,0.0,0.0,25100.0,74.82993197278911,67.2782874617737,1.3789221893907415,89.90825688073394,0.7482993197278912,1.2629969418960244e-05
212,21.2,23.0,2.0,1.0,9060.0,0.0,0.0,220000.0,0.0,212.0,96900.0,327000.0,3.38,0.0,294000.0,6780.0,0.0,0.0,25800.0,327000.0,-45.4,-0.01,0.0,2130.0,0.0,0.0,0.0,0.0,94800.0,0.0,804.0,0.0,0.0,0.0,0.0,25000.0,74.82993197278911,67.2782874617737,1.3788575180564675,89.90825688073394,0.7482993197278912,1.0336391437308869e-05
213,21.3,23.0,3.0,1.0,7720.0,0.0,0.0,221000.0,0.0,212.0,97500.0,327000.0,2.88,0.0,294000.0,6770.0,0.0,0.0,25700.0,327000.0,-42.3,-0.01,0.0,2140.0,0.0,0.0,0.0,0.0,95400.0,0.0,801.0,0.0,0.0,0.0,0.0,24900.0,75.17006802721087,67.58409785932722,1.3723568127713206,89.90825688073394,0.7517006802721088,8.807339449541284e-06
214,21.4,23.0,4.0,1.0,6610.0,0.0,0.0,222000.0,0.0,212.0,98000.0,327000.0,2.88,0.0,294000.0,6760.0,0.0,0.0,25700.0,327000.0,-47.0,-0.01,0.0,2130.0,0.0,0.0,0.0,0.0,95800.0,0.0,802.0,0.0,0.0,0.0,0.0,24900.0,75.51020408163265,67.88990825688074,1.3659171157777366,89.90825688073394,0.7551020408163267,8.807339449541284e-06
215,21.5,23.0,5.0,1.0,5690.0,0.0,0.0,222000.0,0.0,212.0,98400.0,326000.0,2.5,0.0,294000.0,6750.0,0.0,0.0,25700.0,327000.0,-49.3,-0.02,0.0,2130.0,0.0,0.0,0.0,0.0,96200.0,0.0,805.0,0.0,0.0,0.0,0.0,24900.0,75.7418304745211,68.09815950920245,1.3658536585365855,89.90825688073394,0.7574183047452109,7.645259938837921e-06
216,21.6,23.0,6.0,1.0,4940.0,0.0,0.0,223000.0,0.0,212.0,98700.0,326000.0,2.75,0.0,294000.0,6750.0,0.0,0.0,25700.0,327000.0,-48.4,-0.01,0.0,2120.0,0.0,0.0,0.0,0.0,96600.0,0.0,807.0,0.0,0.0,0.0,0.0,24900.0,76.08300989107299,68.40490797546013,1.3595375722543352,89.90825688073394,0.7608300989107301,8.409785932721713e-06
217,21.7,23.0,7.0,1.0,4310.0,0.0,0.0,223000.0,0.0,212.0,98900.0,326000.0,2.5,0.0,294000.0,6740.0,0.0,0.0,25700.0,327000.0,-32.2,-0.01,0.0,2120.0,0.0,0.0,0.0,0.0,96800.0,0.0,810.0,0.0,0.0,0.0,0.0,24900.0,76.08300989107299,68.40490797546013,1.3594747063719597,89.90825688073394,0.7608300989107301,7.645259938837921e-06
218,21.8,23.0,8.0,1.0,3790.0,0.0,0.0,223000.0,0.0,212.0,99200.0,326000.0,2.5,0.0,294000.0,6730.0,0.0,0.0,25700.0,327000.0,-29.7,-0.01,0.0,2110.0,0.0,0.0,0.0,0.0,97000.0,0.0,812.0,0.0,0.0,0.0,0.0,24900.0,76.08300989107299,68.40490797546013,1.359411846303232,89.90825688073394,0.7608300989107301,7.645259938837921e-06
219,21.9,23.0,9.0,1.0,3360.0,0.0,0.0,224000.0,0.0,212.0,99300.0,326000.0,2.25,0.0,294000.0,6730.0,0.0,0.0,25700.0,327000.0,-30.9,-0.01,0.0,2110.0,0.0,0.0,0.0,0.0,97200.0,0.0,814.0,0.0,0.0,0.0,0.0,24900.0,76.42418930762489,68.71165644171779,1.3531550605237723,89.90825688073394,0.7642418930762489,6.880733944954129e-06
220,22.0,23.0,10.0,1.0,3000.0,0.0,0.0,224000.0,0.0,212.0,99500.0,327000.0,2.63,0.0,294000.0,6720.0,0.0,0.0,25700.0,327000.0,-29.8,-0.01,0.0,2110.0,0.0,0.0,0.0,0.0,97400.0,0.0,816.0,0.0,0.0,0.0,0.0,24900.0,76.19047619047619,68.50152905198776,1.3530927835051547,89.90825688073394,0.7619047619047619,8.042813455657492e-06
221,22.1,24.0,1.0,1.0,163.0,0.0,0.0,223000.0,0.0,212.0,98400.0,322000.0,4150.0,0.0,285000.0,6730.0,0.0,0.0,25900.0,322000.0,-33.4,-0.01,0.0,1960.0,0.0,0.0,0.0,0.0,96400.0,0.0,865.0,0.0,0.0,0.0,0.0,25100.0,78.24561403508773,69.25465838509317,1.3177971979470107,88.50931677018633,0.7824561403508772,0.012888198757763975
222,22.2,24.0,2.0,1.0,43.6,0.0,0.0,223000.0,0.0,212.0,98100.0,321000.0,3350.0,0.0,285000.0,6730.0,0.0,0.0,26000.0,321000.0,-30.5,-0.01,0.0,1950.0,0.0,0.0,0.0,0.0,96100.0,0.0,874.0,0.0,0.0,0.0,0.0,25100.0,78.24561403508771,69.47040498442367,1.3177971979470107,88.78504672897196,0.7824561403508771,0.010436137071651091
223,22.3,24.0,3.0,1.0,8.88,0.0,0.0,223000.0,0.0,212.0,97800.0,321000.0,2750.0,0.0,285000.0,6730.0,0.0,0.0,26000.0,321000.0,-31.9,-0.01,0.0,1950.0,0.0,0.0,0.0,0.0,95800.0,0.0,877.0,0.0,0.0,0.0,0.0,25200.0,78.24561403508771,69.47040498442367,1.3177971979470107,88.78504672897196,0.7824561403508771,0.008566978193146417
224,22.4,24.0,4.0,1.0,2.5,0.0,0.0,222000.0,0.0,212.0,97600.0,320000.0,2270.0,0.0,285000.0,6730.0,0.0,0.0,26100.0,320000.0,-31.9,-0.01,0.0,1950.0,0.0,0.0,0.0,0.0,95600.0,0.0,877.0,0.0,0.0,0.0,0.0,25200.0,77.89473684210526,69.375,1.323918799646955,89.0625,0.7789473684210526,0.00709375
225,22.5,24.0,5.0,1.0,2.25,0.0,0.0,222000.0,0.0,212.0,97400.0,320000.0,1880.0,0.0,285000.0,6740.0,0.0,0.0,26100.0,320000.0,-29.8,-0.01,0.0,1950.0,0.0,0.0,0.0,0.0,95400.0,0.0,877.0,0.0,0.0,0.0,0.0,25200.0,77.89473684210526,69.375,1.323980302889529,89.0625,0.7789473684210526,0.005875
226,22.6,24.0,6.0,1.0,2.25,0.0,0.0,222000.0,0.0,212.0,97200.0,320000.0,1560.0,0.0,285000.0,6740.0,0.0,0.0,26100.0,320000.0,-28.9,-0.01,0.0,1950.0,0.0,0.0,0.0,0.0,95300.0,0.0,876.0,0.0,0.0,0.0,0.0,25200.0,77.89473684210526,69.375,1.323980302889529,89.0625,0.7789473684210526,0.004875
227,22.7,24.0,7.0,1.0,2.25,0.0,0.0,222000.0,0.0,212.0,97100.0,319000.0,1300.0,0.0,285000.0,6740.0,0.0,0.0,26100.0,319000.0,-27.2,-0.01,0.0,1960.0,0.0,0.0,0.0,0.0,95200.0,0.0,875.0,0.0,0.0,0.0,0.0,25200.0,77.89473684210526,69.59247648902821,1.323980302889529,89.34169278996865,0.7789473684210527,0.0040752351097178684
228,22.8,24.0,8.0,1.0,2.75,0.0,0.0,222000.0,0.0,212.0,97000.0,319000.0,1090.0,0.0,285000.0,6740.0,0.0,0.0,26100.0,319000.0,-25.8,-0.01,0.0,1960.0,0.0,0.0,0.0,0.0,95100.0,0.0,874.0,0.0,0.0,0.0,0.0,25300.0,77.89473684210526,69.59247648902821,1.323980302889529,89.34169278996865,0.7789473684210527,0.0034169278996865203
229,22.9,24.0,9.0,1.0,2.38,0.0,0.0,222000.0,0.0,212.0,97000.0,319000.0,916.0,0.0,285000.0,6750.0,0.0,0.0,26100.0,319000.0,-26.8,-0.01,0.0,1960.0,0.0,0.0,0.0,0.0,95000.0,0.0,873.0,0.0,0.0,0.0,0.0,25300.0,77.89473684210526,69.59247648902821,1.32404181184669,89.34169278996865,0.7789473684210527,0.0028714733542319747
230,23.0,24.0,10.0,1.0,3.25,0.0,0.0,222000.0,0.0,212.0,96900.0,319000.0,772.0,0.0,285000.0,6750.0,0.0,0.0,26100.0,319000.0,-27.3,-0.01,0.0,1960.0,0.0,0.0,0.0,0.0,94900.0,0.0,873.0,0.0,0.0,0.0,0.0,25300.0,77.89473684210526,69.59247648902821,1.32404181184669,89.34169278996865,0.7789473684210527,0.002420062695924765
231,23.1,25.0,1.0,1.0,19400.0,0.0,0.0,224000.0,0.0,212.0,100000.0,344000.0,2.38,0.0,312000.0,6730.0,0.0,0.0,25600.0,344000.0,-26.6,-0.01,0.0,2390.0,0.0,0.0,0.0,0.0,98100.0,0.0,732.0,0.0,0.0,0.0,0.0,24800.0,71.79487179487181,65.11627906976744,1.4360012887191052,90.69767441860465,0.717948717948718,6.918604651162791e-06
232,23.2,25.0,2.0,1.0,16700.0,0.0,0.0,225000.0,0.0,212.0,102000.0,344000.0,1.88,0.0,312000.0,6720.0,0.0,0.0,25400.0,344000.0,-31.1,-0.01,0.0,2420.0,0.0,0.0,0.0,0.0,99300.0,0.0,716.0,0.0,0.0,0.0,0.0,24700.0,72.11538461538463,65.40697674418605,1.4293567894447499,90.69767441860465,0.7211538461538463,5.465116279069767e-06
233,23.3,25.0,3.0,1.0,14400.0,0.0,0.0,227000.0,0.0,212.0,103000.0,344000.0,1.75,0.0,312000.0,6700.0,0.0,0.0,25400.0,344000.0,-30.0,-0.01,0.0,2420.0,0.0,0.0,0.0,0.0,100000.0,0.0,714.0,0.0,0.0,0.0,0.0,24700.0,72.75641025641025,65.98837209302324,1.4162505674080799,90.69767441860465,0.7275641025641024,5.087209302325581e-06
234,23.4,25.0,4.0,1.0,12400.0,0.0,0.0,228000.0,0.0,212.0,104000.0,344000.0,1.75,0.0,312000.0,6690.0,0.0,0.0,25400.0,344000.0,-29.4,-0.01,0.0,2410.0,0.0,0.0,0.0,0.0,101000.0,0.0,717.0,0.0,0.0,0.0,0.0,24600.0,73.07692307692307,66.27906976744185,1.4097871763589536,90.69767441860465,0.7307692307692307,5.087209302325581e-06
235,23.5,25.0,5.0,1.0,10800.0,0.0,0.0,229000.0,0.0,212.0,104000.0,344000.0,1.63,0.0,312000.0,6670.0,0.0,0.0,25400.0,344000.0,-33.5,-0.01,0.0,2400.0,0.0,0.0,0.0,0.0,102000.0,0.0,722.0,0.0,0.0,0.0,0.0,24600.0,73.3974358974359,66.56976744186046,1.4033193900958036,90.69767441860465,0.7339743589743589,4.738372093023256e-06
236,23.6,25.0,6.0,1.0,9500.0,0.0,0.0,229000.0,0.0,212.0,105000.0,344000.0,1.75,0.0,312000.0,6660.0,0.0,0.0,25400.0,344000.0,-32.9,-0.01,0.0,2390.0,0.0,0.0,0.0,0.0,102000.0,0.0,726.0,0.0,0.0,0.0,0.0,24600.0,73.3974358974359,66.56976744186046,1.4032562741746875,90.69767441860465,0.7339743589743589,5.087209302325581e-06
237,23.7,25.0,7.0,1.0,8390.0,0.0,0.0,230000.0,0.0,212.0,105000.0,344000.0,1.75,0.0,312000.0,6650.0,0.0,0.0,25400.0,344000.0,-36.6,-0.01,0.0,2380.0,0.0,0.0,0.0,0.0,103000.0,0.0,731.0,0.0,0.0,0.0,0.0,24700.0,73.71794871794873,66.86046511627907,1.396910678307589,90.69767441860465,0.7371794871794872,5.087209302325581e-06
238,23.8,25.0,8.0,1.0,7450.0,0.0,0.0,231000.0,0.0,212.0,106000.0,344000.0,1.88,0.0,312000.0,6630.0,0.0,0.0,25400.0,344000.0,-28.7,-0.01,0.0,2370.0,0.0,0.0,0.0,0.0,103000.0,0.0,735.0,0.0,0.0,0.0,0.0,24700.0,74.03846153846155,67.15116279069767,1.3905602353255784,90.69767441860465,0.7403846153846153,5.465116279069767e-06
239,23.9,25.0,9.0,1.0,6670.0,0.0,0.0,231000.0,0.0,212.0,106000.0,344000.0,2.0,0.0,312000.0,6630.0,0.0,0.0,25500.0,344000.0,-28.8,-0.01,0.0,2370.0,0.0,0.0,0.0,0.0,104000.0,0.0,740.0,0.0,0.0,0.0,0.0,24700.0,74.03846153846155,67.15116279069767,1.3905602353255784,90.69767441860465,0.7403846153846153,5.813953488372093e-06
240,24.0,25.0,10.0,1.0,6000.0,0.0,0.0,232000.0,0.0,212.0,106000.0,344000.0,2.25,0.0,312000.0,6620.0,0.0,0.0,25500.0,344000.0,-27.1,-0.01,0.0,2360.0,0.0,0.0,0.0,0.0,104000.0,0.0,743.0,0.0,0.0,0.0,0.0,24800.0,74.35897435897436,67.44186046511628,1.384328689324696,90.69767441860465,0.7435897435897436,6.540697674418604e-06
241,24.1,26.0,1.0,1.0,35.4,0.0,0.0,229000.0,0.0,212.0,102000.0,331000.0,18000.0,0.0,281000.0,6630.0,0.0,0.0,26200.0,331000.0,-29.6,-0.01,0.0,1850.0,0.0,0.0,0.0,0.0,100000.0,0.0,905.0,0.0,0.0,0.0,0.0,25300.0,81.49466192170817,69.18429003021149,1.263659666321896,84.89425981873111,0.8149466192170819,0.054380664652567974
242,24.2,26.0,2.0,1.0,2.0,0.0,0.0,228000.0,0.0,212.0,101000.0,329000.0,15100.0,0.0,281000.0,6640.0,0.0,0.0,26400.0,329000.0,-28.6,-0.01,0.0,1830.0,0.0,0.0,0.0,0.0,99000.0,0.0,936.0,0.0,0.0,0.0,0.0,25400.0,81.13879003558719,69.30091185410335,1.2694253704372966,85.41033434650456,0.8113879003558719,0.04589665653495441
243,24.3,26.0,3.0,1.0,1.88,0.0,0.0,227000.0,0.0,212.0,99700.0,327000.0,12800.0,0.0,281000.0,6650.0,0.0,0.0,26500.0,327000.0,-25.8,-0.01,0.0,1820.0,0.0,0.0,0.0,0.0,97900.0,0.0,944.0,0.0,0.0,0.0,0.0,25600.0,80.78291814946618,69.41896024464832,1.2752439301111866,85.93272171253822,0.807829181494662,0.03914373088685015
244,24.4,26.0,4.0,1.0,1.75,0.0,0.0,226000.0,0.0,212.0,98800.0,325000.0,10800.0,0.0,281000.0,6670.0,0.0,0.0,26600.0,325000.0,-36.1,-0.01,0.0,1830.0,0.0,0.0,0.0,0.0,97000.0,0.0,943.0,0.0,0.0,0.0,0.0,25700.0,80.4270462633452,69.53846153846153,1.2811744859344367,86.46153846153845,0.8042704626334519,0.03323076923076923
245,24.5,26.0,5.0,1.0,1.88,0.0,0.0,225000.0,0.0,212.0,98100.0,323000.0,9210.0,0.0,281000.0,6680.0,0.0,0.0,26700.0,323000.0,-29.8,-0.01,0.0,1840.0,0.0,0.0,0.0,0.0,96300.0,0.0,939.0,0.0,0.0,0.0,0.0,25700.0,80.0711743772242,69.65944272445822,1.2871015023818249,86.9969040247678,0.8007117437722422,0.028513931888544893
246,24.6,26.0,6.0,1.0,1.75,0.0,0.0,224000.0,0.0,212.0,97600.0,322000.0,7880.0,0.0,281000.0,6700.0,0.0,0.0,26700.0,322000.0,-29.5,-0.01,0.0,1850.0,0.0,0.0,0.0,0.0,95700.0,0.0,934.0,0.0,0.0,0.0,0.0,25800.0,79.7153024911032,69.56521739130434,1.2931431201104464,87.26708074534162,0.797153024911032,0.024472049689440993
247,24.7,26.0,7.0,1.0,1.63,0.0,0.0,224000.0,0.0,212.0,97100.0,321000.0,6780.0,0.0,281000.0,6710.0,0.0,0.0,26700.0,321000.0,-31.7,-0.01,0.0,1860.0,0.0,0.0,0.0,0.0,95200.0,0.0,929.0,0.0,0.0,0.0,0.0,25800.0,79.7153024911032,69.78193146417445,1.2932026324267107,87.53894080996885,0.7971530249110319,0.021121495327102804
248,24.8,26.0,8.0,1.0,1.63,0.0,0.0,223000.0,0.0,212.0,96700.0,320000.0,5870.0,0.0,281000.0,6720.0,0.0,0.0,26700.0,320000.0,-30.9,-0.01,0.0,1860.0,0.0,0.0,0.0,0.0,94800.0,0.0,924.0,0.0,0.0,0.0,0.0,25800.0,79.35943060498221,69.6875,1.299241723691511,87.8125,0.7935943060498221,0.01834375
249,24.9,26.0,9.0,1.0,2.0,0.0,0.0,223000.0,0.0,212.0,96300.0,319000.0,5110.0,0.0,281000.0,6730.0,0.0,0.0,26700.0,319000.0,-28.6,-0.01,0.0,1870.0,0.0,0.0,0.0,0.0,94500.0,0.0,920.0,0.0,0.0,0.0,0.0,25800.0,79.3594306049822,69.90595611285266,1.299301798677579,88.08777429467085,0.7935943060498221,0.016018808777429467
250,25.0,26.0,10.0,1.0,1.88,0.0,0.0,222000.0,0.0,212.0,96100.0,319000.0,4470.0,0.0,281000.0,6730.0,0.0,0.0,26700.0,319000.0,-27.7,-0.01,0.0,1870.0,0.0,0.0,0.0,0.0,94200.0,0.0,917.0,0.0,0.0,0.0,0.0,25800.0,79.0035587188612,69.59247648902821,1.3053374831606819,88.08777429467085,0.7900355871886121,0.014012539184952977
251,25.1,27.0,1.0,1.0,16100.0,0.0,0.0,224000.0,0.0,212.0,99500.0,340000.0,3.38,0.0,307000.0,6720.0,0.0,0.0,26100.0,340000.0,-25.8,-0.01,0.0,2300.0,0.0,0.0,0.0,0.0,97200.0,0.0,768.0,0.0,0.0,0.0,0.0,25300.0,72.9641693811075,65.88235294117646,1.4129234167893963,90.29411764705883,0.7296416938110748,9.941176470588236e-06
252,25.2,27.0,2.0,1.0,13700.0,0.0,0.0,226000.0,0.0,212.0,101000.0,340000.0,2.13,0.0,307000.0,6710.0,0.0,0.0,25900.0,340000.0,-28.3,-0.01,0.0,2330.0,0.0,0.0,0.0,0.0,98200.0,0.0,751.0,0.0,0.0,0.0,0.0,25200.0,73.61563517915309,66.47058823529412,1.3999726389712253,90.29411764705883,0.7361563517915309,6.264705882352941e-06
253,25.3,27.0,3.0,1.0,11700.0,0.0,0.0,227000.0,0.0,212.0,101000.0,340000.0,2.0,0.0,307000.0,6700.0,0.0,0.0,25800.0,340000.0,-27.9,-0.01,0.0,2330.0,0.0,0.0,0.0,0.0,99100.0,0.0,746.0,0.0,0.0,0.0,0.0,25100.0,73.9413680781759,66.76470588235294,1.3935542442124376,90.29411764705883,0.739413680781759,5.882352941176471e-06
254,25.4,27.0,4.0,1.0,10100.0,0.0,0.0,227000.0,0.0,212.0,102000.0,340000.0,2.0,0.0,307000.0,6690.0,0.0,0.0,25800.0,340000.0,-32.7,-0.01,0.0,2330.0,0.0,0.0,0.0,0.0,99800.0,0.0,748.0,0.0,0.0,0.0,0.0,25000.0,73.9413680781759,66.76470588235294,1.3934909899686805,90.29411764705883,0.739413680781759,5.882352941176471e-06
255,25.5,27.0,5.0,1.0,8680.0,0.0,0.0,228000.0,0.0,212.0,103000.0,340000.0,1.63,0.0,307000.0,6680.0,0.0,0.0,25800.0,340000.0,-34.3,-0.01,0.0,2320.0,0.0,0.0,0.0,0.0,100000.0,0.0,751.0,0.0,0.0,0.0,0.0,25000.0,74.26710097719868,67.05882352941175,1.3871317549249955,90.29411764705883,0.7426710097719869,4.794117647058824e-06
256,25.6,27.0,6.0,1.0,7550.0,0.0,0.0,229000.0,0.0,212.0,103000.0,340000.0,1.75,0.0,307000.0,6670.0,0.0,0.0,25800.0,340000.0,-36.9,-0.01,0.0,2310.0,0.0,0.0,0.0,0.0,101000.0,0.0,755.0,0.0,0.0,0.0,0.0,25000.0,74.5928338762215,67.3529411764706,1.3808302973058066,90.29411764705883,0.745928338762215,5.147058823529412e-06
257,25.7,27.0,7.0,1.0,6610.0,0.0,0.0,229000.0,0.0,212.0,104000.0,340000.0,1.63,0.0,307000.0,6650.0,0.0,0.0,25800.0,340000.0,-30.8,-0.01,0.0,2310.0,0.0,0.0,0.0,0.0,101000.0,0.0,759.0,0.0,0.0,0.0,0.0,25000.0,74.5928338762215,67.3529411764706,1.3807060939959523,90.29411764705883,0.745928338762215,4.794117647058824e-06
258,25.8,27.0,8.0,1.0,5830.0,0.0,0.0,230000.0,0.0,212.0,104000.0,340000.0,1.75,0.0,307000.0,6650.0,0.0,0.0,25800.0,340000.0,-31.4,-0.01,0.0,2300.0,0.0,0.0,0.0,0.0,102000.0,0.0,763.0,0.0,0.0,0.0,0.0,25000.0,74.9185667752443,67.64705882352942,1.3745242892321468,90.29411764705883,0.7491856677524431,5.147058823529412e-06
259,25.9,27.0,9.0,1.0,5170.0,0.0,0.0,230000.0,0.0,212.0,104000.0,340000.0,2.25,0.0,307000.0,6640.0,0.0,0.0,25800.0,340000.0,-27.3,-0.01,0.0,2290.0,0.0,0.0,0.0,0.0,102000.0,0.0,766.0,0.0,0.0,0.0,0.0,25100.0,74.9185667752443,67.64705882352942,1.3744627507163323,90.29411764705883,0.7491856677524431,6.61764705882353e-06
260,26.0,27.0,10.0,1.0,4620.0,0.0,0.0,231000.0,0.0,212.0,104000.0,340000.0,2.25,0.0,307000.0,6630.0,0.0,0.0,25900.0,340000.0,-27.4,-0.01,0.0,2290.0,0.0,0.0,0.0,0.0,102000.0,0.0,769.0,0.0,0.0,0.0,0.0,25100.0,75.2442996742671,67.94117647058823,1.3682756161697196,90.29411764705883,0.7524429967426709,6.61764705882353e-06
261,26.1,28.0,1.0,1.0,1.88,0.0,0.0,222000.0,0.0,212.0,92000.0,314000.0,65900.0,0.0,214000.0,6690.0,0.0,0.0,28000.0,314000.0,-30.9,-0.01,0.0,830.0,0.0,0.0,0.0,0.0,91100.0,0.0,1300.0,0.0,0.0,0.0,0.0,26700.0,103.73831775700934,70.70063694267516,0.9939157493846082,68.15286624203821,1.0373831775700935,0.20987261146496816
262,26.2,28.0,2.0,1.0,1.5,0.0,0.0,218000.0,0.0,212.0,87800.0,306000.0,56500.0,0.0,214000.0,6730.0,0.0,0.0,28700.0,306000.0,-32.7,-0.01,0.0,807.0,0.0,0.0,0.0,0.0,87000.0,0.0,1430.0,0.0,0.0,0.0,0.0,27300.0,101.86915887850468,71.24183006535948,1.0129218535523263,69.93464052287581,1.018691588785047,0.184640522875817
263,26.3,28.0,3.0,1.0,1.13,0.0,0.0,214000.0,0.0,212.0,84400.0,298000.0,48400.0,0.0,214000.0,6790.0,0.0,0.0,29200.0,298000.0,-23.0,-0.01,0.0,826.0,0.0,0.0,0.0,0.0,83600.0,0.0,1470.0,0.0,0.0,0.0,0.0,27700.0,100.0,71.81208053691275,1.032768688769847,71.81208053691275,1.0,0.16241610738255033
264,26.4,28.0,4.0,1.0,1.0,0.0,0.0,210000.0,0.0,212.0,81600.0,292000.0,41800.0,0.0,214000.0,6850.0,0.0,0.0,29400.0,292000.0,-41.3,-0.01,0.0,854.0,0.0,0.0,0.0,0.0,80700.0,0.0,1460.0,0.0,0.0,0.0,0.0,28000.0,98.13084112149532,71.91780821917808,1.053408811223234,73.28767123287672,0.9813084112149533,0.14315068493150684
265,26.5,28.0,5.0,1.0,0.75,0.0,0.0,207000.0,0.0,212.0,79300.0,287000.0,36200.0,0.0,214000.0,6920.0,0.0,0.0,29600.0,287000.0,-36.3,-0.01,0.0,882.0,0.0,0.0,0.0,0.0,78400.0,0.0,1440.0,0.0,0.0,0.0,0.0,28100.0,96.72897196261681,72.12543554006969,1.0695721711315473,74.56445993031359,0.9672897196261683,0.12613240418118468
266,26.6,28.0,6.0,1.0,1.13,0.0,0.0,204000.0,0.0,212.0,77400.0,282000.0,31500.0,0.0,214000.0,6970.0,0.0,0.0,29600.0,282000.0,-27.9,-0.01,0.0,908.0,0.0,0.0,0.0,0.0,76500.0,0.0,1410.0,0.0,0.0,0.0,0.0,28200.0,95.32710280373833,72.3404255319149,1.0861290158859056,75.88652482269504,0.9532710280373833,0.11170212765957446
267,26.7,28.0,7.0,1.0,0.625,0.0,0.0,202000.0,0.0,212.0,75900.0,278000.0,27700.0,0.0,214000.0,7020.0,0.0,0.0,29600.0,278000.0,-20.2,-0.01,0.0,930.0,0.0,0.0,0.0,0.0,74900.0,0.0,1380.0,0.0,0.0,0.0,0.0,28300.0,94.392523364486,72.66187050359713,1.0975484665093855,76.97841726618705,0.9439252336448599,0.09964028776978417
268,26.8,28.0,8.0,1.0,1.0,0.0,0.0,200000.0,0.0,212.0,74600.0,275000.0,24500.0,0.0,214000.0,7060.0,0.0,0.0,29600.0,275000.0,-13.1,0.0,0.0,950.0,0.0,0.0,0.0,0.0,73700.0,0.0,1360.0,0.0,0.0,0.0,0.0,28300.0,93.45794392523365,72.72727272727273,1.1091531045921013,77.81818181818181,0.9345794392523366,0.0890909090909091
269,26.9,28.0,9.0,1.0,1.13,0.0,0.0,198000.0,0.0,212.0,73500.0,272000.0,21700.0,0.0,214000.0,7100.0,0.0,0.0,29600.0,272000.0,-29.9,-0.01,0.0,967.0,0.0,0.0,0.0,0.0,72600.0,0.0,1340.0,0.0,0.0,0.0,0.0,28200.0,92.5233644859813,72.79411764705883,1.1210057621791514,78.67647058823529,0.9252336448598132,0.07977941176470588
270,27.0,28.0,10.0,1.0,1.13,0.0,0.0,197000.0,0.0,212.0,72700.0,270000.0,19400.0,0.0,214000.0,7130.0,0.0,0.0,29500.0,270000.0,-37.2,-0.01,0.0,982.0,0.0,0.0,0.0,0.0,71700.0,0.0,1320.0,0.0,0.0,0.0,0.0,28100.0,92.05607476635514,72.96296296296296,1.127086954231843,79.25925925925927,0.9205607476635513,0.07185185185185185
271,27.1,29.0,1.0,1.0,27000.0,0.0,0.0,201000.0,0.0,212.0,79400.0,308000.0,1120.0,0.0,272000.0,7110.0,0.0,0.0,27700.0,308000.0,-40.2,-0.01,0.0,1850.0,0.0,0.0,0.0,0.0,77600.0,0.0,933.0,0.0,0.0,0.0,0.0,26800.0,73.89705882352942,65.25974025974025,1.4028572902161018,88.31168831168831,0.738970588235294,0.0036363636363636364
272,27.2,29.0,2.0,1.0,21700.0,0.0,0.0,203000.0,0.0,212.0,81400.0,306000.0,291.0,0.0,272000.0,7090.0,0.0,0.0,27100.0,306000.0,-40.7,-0.01,0.0,1910.0,0.0,0.0,0.0,0.0,79500.0,0.0,874.0,0.0,0.0,0.0,0.0,26300.0,74.63235294117648,66.33986928104575,1.3883926292685416,88.88888888888889,0.7463235294117647,0.0009509803921568628
273,27.3,29.0,3.0,1.0,17800.0,0.0,0.0,205000.0,0.0,212.0,83100.0,306000.0,39.4,0.0,272000.0,7070.0,0.0,0.0,26800.0,306000.0,-29.2,-0.01,0.0,1910.0,0.0,0.0,0.0,0.0,81200.0,0.0,856.0,0.0,0.0,0.0,0.0,25900.0,75.36764705882352,66.99346405228758,1.3742232102258374,88.88888888888889,0.7536764705882353,0.00012875816993464053
274,27.4,29.0,4.0,1.0,14700.0,0.0,0.0,206000.0,0.0,212.0,84400.0,305000.0,1.88,0.0,272000.0,7050.0,0.0,0.0,26500.0,305000.0,-34.1,-0.01,0.0,1910.0,0.0,0.0,0.0,0.0,82500.0,0.0,856.0,0.0,0.0,0.0,0.0,25600.0,75.73529411764707,67.54098360655738,1.3671776828348832,89.18032786885246,0.7573529411764706,6.1639344262295075e-06
275,27.5,29.0,5.0,1.0,12200.0,0.0,0.0,207000.0,0.0,212.0,85500.0,305000.0,1.75,0.0,272000.0,7020.0,0.0,0.0,26300.0,305000.0,-31.9,-0.01,0.0,1890.0,0.0,0.0,0.0,0.0,83600.0,0.0,861.0,0.0,0.0,0.0,0.0,25500.0,76.10294117647058,67.8688524590164,1.36013601360136,89.18032786885246,0.761029411764706,5.7377049180327865e-06
276,27.6,29.0,6.0,1.0,10100.0,0.0,0.0,208000.0,0.0,212.0,86400.0,305000.0,2.0,0.0,272000.0,7000.0,0.0,0.0,26200.0,305000.0,-24.1,-0.01,0.0,1880.0,0.0,0.0,0.0,0.0,84500.0,0.0,868.0,0.0,0.0,0.0,0.0,25300.0,76.47058823529412,68.1967213114754,1.3532338308457712,89.18032786885246,0.7647058823529411,6.5573770491803276e-06
277,27.7,29.0,7.0,1.0,8490.0,0.0,0.0,209000.0,0.0,212.0,87100.0,305000.0,2.0,0.0,272000.0,6980.0,0.0,0.0,26100.0,305000.0,-22.4,-0.01,0.0,1870.0,0.0,0.0,0.0,0.0,85300.0,0.0,875.0,0.0,0.0,0.0,0.0,25300.0,76.83823529411765,68.52459016393443,1.3464013464013465,89.18032786885246,0.7683823529411765,6.5573770491803276e-06
278,27.8,29.0,8.0,1.0,7140.0,0.0,0.0,210000.0,0.0,212.0,87700.0,305000.0,1.88,0.0,272000.0,6960.0,0.0,0.0,26100.0,305000.0,-20.4,-0.01,0.0,1860.0,0.0,0.0,0.0,0.0,85900.0,0.0,881.0,0.0,0.0,0.0,0.0,25200.0,77.20588235294117,68.85245901639344,1.3396375098502757,89.18032786885246,0.7720588235294117,6.1639344262295075e-06
279,27.9,29.0,9.0,1.0,6040.0,0.0,0.0,210000.0,0.0,212.0,88200.0,305000.0,2.0,0.0,272000.0,6950.0,0.0,0.0,26000.0,305000.0,-18.1,-0.01,0.0,1850.0,0.0,0.0,0.0,0.0,86400.0,0.0,887.0,0.0,0.0,0.0,0.0,25200.0,77.20588235294117,68.85245901639344,1.3395715341049004,89.18032786885246,0.7720588235294117,6.5573770491803276e-06
280,28.0,29.0,10.0,1.0,5130.0,0.0,0.0,211000.0,0.0,212.0,88600.0,305000.0,2.25,0.0,272000.0,6940.0,0.0,0.0,26000.0,305000.0,-19.0,-0.01,0.0,1840.0,0.0,0.0,0.0,0.0,86800.0,0.0,892.0,0.0,0.0,0.0,0.0,25100.0,77.5735294117647,69.18032786885246,1.3329412917769283,89.18032786885246,0.7757352941176471,7.377049180327869e-06
281,28.1,30.0,1.0,1.0,9.13,0.0,0.0,209000.0,0.0,212.0,85300.0,294000.0,15600.0,0.0,245000.0,6950.0,0.0,0.0,26600.0,294000.0,-18.9,-0.01,0.0,1420.0,0.0,0.0,0.0,0.0,83900.0,0.0,1050.0,0.0,0.0,0.0,0.0,25600.0,85.3061224489796,71.08843537414967,1.212571145756001,83.33333333333334,0.8530612244897959,0.053061224489795916
282,28.2,30.0,2.0,1.0,2.13,0.0,0.0,208000.0,0.0,212.0,84400.0,292000.0,13400.0,0.0,245000.0,6960.0,0.0,0.0,26800.0,292000.0,-20.1,-0.01,0.0,1400.0,0.0,0.0,0.0,0.0,83000.0,0.0,1080.0,0.0,0.0,0.0,0.0,25700.0,84.89795918367346,71.23287671232876,1.2186629526462396,83.9041095890411,0.8489795918367345,0.04589041095890411
283,28.3,30.0,3.0,1.0,1.63,0.0,0.0,207000.0,0.0,212.0,83600.0,291000.0,11600.0,0.0,245000.0,6970.0,0.0,0.0,26900.0,291000.0,-19.4,-0.01,0.0,1390.0,0.0,0.0,0.0,0.0,82200.0,0.0,1080.0,0.0,0.0,0.0,0.0,25800.0,84.48979591836735,71.1340206185567,1.2248162775583662,84.19243986254295,0.8448979591836735,0.03986254295532646
284,28.4,30.0,4.0,1.0,1.25,0.0,0.0,206000.0,0.0,212.0,83000.0,289000.0,10000.0,0.0,245000.0,6990.0,0.0,0.0,27000.0,289000.0,-19.5,-0.01,0.0,1400.0,0.0,0.0,0.0,0.0,81600.0,0.0,1080.0,0.0,0.0,0.0,0.0,25900.0,84.08163265306123,71.280276816609,1.2310939148786493,84.77508650519032,0.8408163265306122,0.03460207612456748
285,28.5,30.0,5.0,1.0,1.38,0.0,0.0,205000.0,0.0,212.0,82400.0,288000.0,8710.0,0.0,245000.0,7000.0,0.0,0.0,27000.0,288000.0,-21.6,-0.01,0.0,1400.0,0.0,0.0,0.0,0.0,81000.0,0.0,1080.0,0.0,0.0,0.0,0.0,25900.0,83.6734693877551,71.18055555555556,1.2373737373737375,85.06944444444444,0.8367346938775511,0.030243055555555554
286,28.6,30.0,6.0,1.0,1.5,0.0,0.0,204000.0,0.0,212.0,82000.0,287000.0,7630.0,0.0,245000.0,7020.0,0.0,0.0,27000.0,287000.0,-21.3,-0.01,0.0,1410.0,0.0,0.0,0.0,0.0,80600.0,0.0,1070.0,0.0,0.0,0.0,0.0,25900.0,83.26530612244899,71.0801393728223,1.243781094527363,85.36585365853658,0.8326530612244899,0.026585365853658536
287,28.7,30.0,7.0,1.0,1.5,0.0,0.0,204000.0,0.0,212.0,81700.0,286000.0,6740.0,0.0,245000.0,7030.0,0.0,0.0,27000.0,286000.0,-16.4,-0.01,0.0,1420.0,0.0,0.0,0.0,0.0,80200.0,0.0,1070.0,0.0,0.0,0.0,0.0,25900.0,83.26530612244898,71.32867132867133,1.2438442402396304,85.66433566433567,0.8326530612244898,0.023566433566433568
288,28.8,30.0,8.0,1.0,1.75,0.0,0.0,203000.0,0.0,212.0,81400.0,285000.0,6000.0,0.0,245000.0,7040.0,0.0,0.0,27000.0,285000.0,-19.4,-0.01,0.0,1420.0,0.0,0.0,0.0,0.0,80000.0,0.0,1070.0,0.0,0.0,0.0,0.0,25900.0,82.85714285714285,71.2280701754386,1.2502551541130844,85.96491228070175,0.8285714285714286,0.021052631578947368
289,28.9,30.0,9.0,1.0,2.5,0.0,0.0,203000.0,0.0,212.0,81100.0,284000.0,5370.0,0.0,245000.0,7050.0,0.0,0.0,26900.0,284000.0,-33.2,-0.01,0.0,1430.0,0.0,0.0,0.0,0.0,79700.0,0.0,1060.0,0.0,0.0,0.0,0.0,25900.0,82.85714285714286,71.47887323943662,1.2503189589180914,86.26760563380282,0.8285714285714286,0.018908450704225352
290,29.0,30.0,10.0,1.0,1.63,0.0,0.0,203000.0,0.0,212.0,81000.0,284000.0,4840.0,0.0,245000.0,7050.0,0.0,0.0,26900.0,284000.0,-31.4,-0.01,0.0,1430.0,0.0,0.0,0.0,0.0,79500.0,0.0,1060.0,0.0,0.0,0.0,0.0,25800.0,82.85714285714286,71.47887323943662,1.2503189589180914,86.26760563380282,0.8285714285714286,0.01704225352112676
291,29.1,31.0,1.0,1.0,15600.0,0.0,0.0,205000.0,0.0,212.0,84400.0,305000.0,22.5,0.0,272000.0,7040.0,0.0,0.0,26200.0,305000.0,-34.6,-0.01,0.0,1850.0,0.0,0.0,0.0,0.0,82500.0,0.0,904.0,0.0,0.0,0.0,0.0,25300.0,75.36764705882352,67.21311475409836,1.3740149525156597,89.18032786885246,0.7536764705882353,7.377049180327869e-05
292,29.2,31.0,2.0,1.0,13200.0,0.0,0.0,206000.0,0.0,212.0,85500.0,305000.0,2.5,0.0,272000.0,7020.0,0.0,0.0,26000.0,305000.0,-30.6,-0.01,0.0,1870.0,0.0,0.0,0.0,0.0,83600.0,0.0,879.0,0.0,0.0,0.0,0.0,25100.0,75.73529411764707,67.54098360655738,1.3669715549301438,89.18032786885246,0.7573529411764706,8.19672131147541e-06
293,29.3,31.0,3.0,1.0,11100.0,0.0,0.0,207000.0,0.0,212.0,86400.0,305000.0,2.25,0.0,272000.0,7010.0,0.0,0.0,25900.0,305000.0,-31.6,-0.01,0.0,1870.0,0.0,0.0,0.0,0.0,84500.0,0.0,872.0,0.0,0.0,0.0,0.0,25000.0,76.10294117647058,67.8688524590164,1.36006800340017,89.18032786885246,0.761029411764706,7.377049180327869e-06
294,29.4,31.0,4.0,1.0,9410.0,0.0,0.0,208000.0,0.0,212.0,87100.0,305000.0,2.25,0.0,272000.0,6990.0,0.0,0.0,25800.0,305000.0,-19.7,-0.01,0.0,1870.0,0.0,0.0,0.0,0.0,85300.0,0.0,874.0,0.0,0.0,0.0,0.0,24900.0,76.47058823529412,68.1967213114754,1.3531665091288991,89.18032786885246,0.7647058823529411,7.377049180327869e-06
295,29.5,31.0,5.0,1.0,8010.0,0.0,0.0,209000.0,0.0,212.0,87800.0,304000.0,2.25,0.0,272000.0,6980.0,0.0,0.0,25700.0,305000.0,-22.0,-0.01,0.0,1860.0,0.0,0.0,0.0,0.0,85900.0,0.0,878.0,0.0,0.0,0.0,0.0,24800.0,77.09099264705883,68.75,1.3464013464013465,89.18032786885246,0.7709099264705882,7.377049180327869e-06
296,29.6,31.0,6.0,1.0,6840.0,0.0,0.0,209000.0,0.0,212.0,88300.0,304000.0,1.88,0.0,272000.0,6970.0,0.0,0.0,25700.0,304000.0,-22.0,-0.01,0.0,1850.0,0.0,0.0,0.0,0.0,86400.0,0.0,882.0,0.0,0.0,0.0,0.0,24800.0,76.83823529411765,68.75,1.346334702766916,89.47368421052632,0.7683823529411765,6.184210526315789e-06
297,29.7,31.0,7.0,1.0,5880.0,0.0,0.0,210000.0,0.0,212.0,88700.0,304000.0,2.38,0.0,272000.0,6950.0,0.0,0.0,25600.0,304000.0,-24.7,-0.01,0.0,1850.0,0.0,0.0,0.0,0.0,86800.0,0.0,887.0,0.0,0.0,0.0,0.0,24800.0,77.20588235294117,69.07894736842105,1.3395715341049004,89.47368421052632,0.7720588235294118,7.828947368421052e-06
298,29.8,31.0,8.0,1.0,5080.0,0.0,0.0,210000.0,0.0,212.0,89000.0,304000.0,2.25,0.0,272000.0,6940.0,0.0,0.0,25600.0,304000.0,-25.7,-0.01,0.0,1840.0,0.0,0.0,0.0,0.0,87200.0,0.0,891.0,0.0,0.0,0.0,0.0,24700.0,77.20588235294117,69.07894736842105,1.3395055648576775,89.47368421052632,0.7720588235294118,7.401315789473684e-06
299,29.9,31.0,9.0,1.0,4420.0,0.0,0.0,210000.0,0.0,212.0,89300.0,304000.0,2.5,0.0,272000.0,6930.0,0.0,0.0,25600.0,304000.0,-20.7,-0.01,0.0,1830.0,0.0,0.0,0.0,0.0,87500.0,0.0,894.0,0.0,0.0,0.0,0.0,24700.0,77.20588235294117,69.07894736842105,1.3394396021076476,89.47368421052632,0.7720588235294118,8.223684210526316e-06
300,30.0,31.0,10.0,1.0,3870.0,0.0,0.0,211000.0,0.0,212.0,89500.0,304000.0,2.5,0.0,272000.0,6930.0,0.0,0.0,25600.0,304000.0,-20.2,-0.01,0.0,1830.0,0.0,0.0,0.0,0.0,87700.0,0.0,897.0,0.0,0.0,0.0,0.0,24700.0,77.5735294117647,69.4078947368421,1.332875973930514,89.47368421052632,0.775735294117647,8.223684210526316e-06
301,30.1,32.0,1.0,1.0,10100.0,0.0,0.0,212000.0,0.0,212.0,90900.0,313000.0,2.63,0.0,281000.0,6910.0,0.0,0.0,25400.0,313000.0,-22.5,-0.01,0.0,1960.0,0.0,0.0,0.0,0.0,89000.0,0.0,849.0,0.0,0.0,0.0,0.0,24600.0,75.44483985765125,67.73162939297124,1.3701301867472817,89.77635782747603,0.7544483985765125,8.40255591054313e-06
302,30.2,32.0,2.0,1.0,8730.0,0.0,0.0,213000.0,0.0,212.0,91500.0,313000.0,2.63,0.0,281000.0,6900.0,0.0,0.0,25400.0,313000.0,-26.4,-0.01,0.0,1970.0,0.0,0.0,0.0,0.0,89600.0,0.0,844.0,0.0,0.0,0.0,0.0,24600.0,75.80071174377224,68.05111821086261,1.3634158175642892,89.77635782747603,0.7580071174377224,8.40255591054313e-06
303,30.3,32.0,3.0,1.0,7600.0,0.0,0.0,213000.0,0.0,212.0,92000.0,313000.0,2.38,0.0,281000.0,6890.0,0.0,0.0,25400.0,313000.0,-26.5,-0.01,0.0,1960.0,0.0,0.0,0.0,0.0,90100.0,0.0,845.0,0.0,0.0,0.0,0.0,24500.0,75.80071174377224,68.05111821086261,1.3633496676531949,89.77635782747603,0.7580071174377224,7.603833865814696e-06
304,30.4,32.0,4.0,1.0,6640.0,0.0,0.0,214000.0,0.0,212.0,92400.0,313000.0,2.38,0.0,281000.0,6880.0,0.0,0.0,25400.0,313000.0,-27.9,-0.01,0.0,1960.0,0.0,0.0,0.0,0.0,90500.0,0.0,847.0,0.0,0.0,0.0,0.0,24500.0,76.15658362989323,68.370607028754,1.3567014291232136,89.77635782747603,0.7615658362989325,7.603833865814696e-06
305,30.5,32.0,5.0,1.0,5840.0,0.0,0.0,214000.0,0.0,212.0,92800.0,313000.0,2.63,0.0,281000.0,6870.0,0.0,0.0,25400.0,313000.0,-26.2,-0.01,0.0,1950.0,0.0,0.0,0.0,0.0,90800.0,0.0,851.0,0.0,0.0,0.0,0.0,24500.0,76.15658362989323,68.370607028754,1.3566359291266354,89.77635782747603,0.7615658362989325,8.40255591054313e-06
306,30.6,32.0,6.0,1.0,5160.0,0.0,0.0,215000.0,0.0,212.0,93000.0,313000.0,2.75,0.0,281000.0,6870.0,0.0,0.0,25400.0,313000.0,-28.9,-0.01,0.0,1950.0,0.0,0.0,0.0,0.0,91100.0,0.0,854.0,0.0,0.0,0.0,0.0,24500.0,76.51245551601424,68.69009584664538,1.3501177148897323,89.77635782747603,0.7651245551601425,8.785942492012779e-06
307,30.7,32.0,7.0,1.0,4590.0,0.0,0.0,215000.0,0.0,212.0,93300.0,313000.0,2.25,0.0,281000.0,6860.0,0.0,0.0,25400.0,313000.0,-28.5,-0.01,0.0,1940.0,0.0,0.0,0.0,0.0,91300.0,0.0,857.0,0.0,0.0,0.0,0.0,24600.0,76.51245551601424,68.69009584664538,1.3500528490439128,89.77635782747603,0.7651245551601425,7.188498402555911e-06
308,30.8,32.0,8.0,1.0,4100.0,0.0,0.0,215000.0,0.0,212.0,93500.0,313000.0,2.63,0.0,281000.0,6850.0,0.0,0.0,25400.0,313000.0,-33.2,-0.01,0.0,1940.0,0.0,0.0,0.0,0.0,91500.0,0.0,860.0,0.0,0.0,0.0,0.0,24600.0,76.51245551601424,68.69009584664538,1.349987989430699,89.77635782747603,0.7651245551601425,8.40255591054313e-06
309,30.9,32.0,9.0,1.0,3680.0,0.0,0.0,215000.0,0.0,212.0,93600.0,313000.0,2.38,0.0,281000.0,6850.0,0.0,0.0,25500.0,313000.0,-28.2,-0.01,0.0,1940.0,0.0,0.0,0.0,0.0,91700.0,0.0,862.0,0.0,0.0,0.0,0.0,24600.0,76.51245551601424,68.69009584664538,1.349987989430699,89.77635782747603,0.7651245551601425,7.603833865814696e-06
310,31.0,32.0,10.0,1.0,3320.0,0.0,0.0,216000.0,0.0,212.0,93800.0,313000.0,3.0,0.0,281000.0,6840.0,0.0,0.0,25500.0,313000.0,-33.1,-0.01,0.0,1930.0,0.0,0.0,0.0,0.0,91800.0,0.0,864.0,0.0,0.0,0.0,0.0,24600.0,76.86832740213522,69.00958466453673,1.3434691145534519,89.77635782747603,0.7686832740213523,9.584664536741214e-06
