Date,countdays,03-1,09-3,09-2,09-1,06-2,06-3,06-5,06-6,07-4,09-4,09-5
1/1/2015,4,1601244.75,1234374.667,1859933.75,1408888.667,1778081.75,1855482.667,2155487.75,2129293.5,2162384.25,995481,459746.25
1/2/2015,4,1731390.667,1179977,1857328.5,1350975.667,1887817.333,1771554.667,2132904.25,2098473.5,2141904.75,1067098.75,473346.5
1/3/2015,4,1805353,1240689.667,2047366.5,1426491.333,1959875.333,1863213.333,2304319.25,2274694.5,2340346,1212368.75,552547.75
1/4/2015,4,1684032.75,1066516.333,2271650.25,1508293,1640245.25,1523895,2367844.75,2524781.5,2593759.5,1355757.5,633008
1/5/2015,4,1717527.75,1197040,1851524.25,1405556,1831732.5,1843126.667,2109473.75,2122582.75,2154420.5,1048059,487388
1/6/2015,4,1791087,1231441,1980905.5,1225040.333,1867401.5,2101141,2323991,2273119.25,2316679.75,996941.75,473719.5
1/7/2015,4,1919780.75,1310567.5,2010181.75,1453226,2015264.25,1905974.25,2245558.75,2314471,2355569.25,1103114.75,491492.5
1/8/2015,4,1875907,991361.5,1822516.75,1099726.5,2018754.5,2243365.5,2248029,2434355.5,2473925,1060038.75,496435
1/9/2015,4,1894579.5,1303663.5,2057500.25,1444283.5,2039275,2172395.5,2174652,2358577.25,2405240.75,1168407.5,531768.5
1/10/2015,4,1886860.25,1124744.5,1893392.5,1238918,2024677.75,2196950.75,2198659.25,2383911.5,2427702.25,1099030.75,530645.25
1/11/2015,4,1977090.75,1214777,2150535,1344020,2050223.25,2328806.75,2325853.75,2518989.5,2562385,1284364,583798.3333
1/12/2015,4,1940209.5,1240465,1998987.333,1376374,2457480.333,2212945.25,2308508.25,2403179,2434005.5,1172889.333,566201.6667
1/13/2015,4,1931357,1251754,1975468,1382921,2454545.333,2197613.75,2292660.5,2382472.25,2417690.75,1166069.333,549579.3333
1/14/2015,4,1903714.5,1108437,1851371.5,1236806,2388558,2158125,2215840.5,1958555.75,2379862.25,1196912.667,563699.6667
1/15/2015,4,1819188,1158287.5,1887544.25,1274004,2206908.667,2165829,2132612.5,1875710.75,2385773.25,1257673,581609
1/16/2015,4,1922768.25,1230336,2051713.667,1383111,2374534.667,2252819.25,2240673.25,2388729.25,2475403.25,1243426,579853.6667
1/17/2015,5,1945693.8,1911653.667,2098950.25,2185825,2412295,2236545.4,2215400.5,2409126.25,2450474,1222766,552732
1/18/2015,5,2013601.8,1937920.333,2230670.5,2386572,2570783.5,2161380.2,2274851.25,2483561,2531112.25,1332004.333,613591.3333
1/19/2015,5,2253430.25,1776144,2571557.75,2336993.5,2404190.25,2375537.25,2280483.5,2530914.25,2579307.25,1383774.333,652760.3333
1/20/2015,5,2222897.5,1858370,2606292.5,2278697,2390545.5,2445845.25,2436394,2685747.75,2735818.25,1383341,624806.6667
1/21/2015,5,2356477.75,1505302.333,2303038.2,2266001.5,2534002,2159765.75,2539677.25,2811683,2862944.5,1521613.667,703859.6667
1/22/2015,5,2285406,1507951,2256443.8,2179507,2450541.5,2139677.25,2546017.25,2838732.75,2896591.75,1344083,636233
1/23/2015,5,1887780.6,1739320.5,2509589,2029189.5,2427293.75,2255431.8,2449216.5,2759999,2815854.25,1938364,889393
1/24/2015,5,1918696.6,1790884.5,2447705,1879266,2398990.5,2180520.8,2419402.75,2680434.25,2724249.5,1750310.5,808344
1/25/2015,5,1835780.6,1798228.5,2522827.75,2139757,2400313.5,2102886.8,2425911.5,2661689.5,2752677.75,1840589,836971.5
1/26/2015,5,2257965.75,1794102,2509219.75,2220949.5,2399120.5,2403645.5,2428439.5,2797341.25,2741560.75,1807801.5,835727
1/27/2015,5,2283342.5,1869735,2499880.25,2231315.5,2542465.25,2351929.5,2462676.5,2855348.25,2751485,1722681.5,788539.5
1/28/2015,5,2367443.5,1901007.5,2552389.5,2274061,2537093,2520419.5,2543034.25,2904228.75,2839165.25,1761741,806002
1/29/2015,5,2423919,1824832.5,2515908,2032240.667,2572780.5,2527227.5,2467165.5,2882333.75,2743851.25,1695506,786503
1/30/2015,5,2210524.5,1748780.5,2367298.5,2212901,2366396,2342050,2266161.5,2667194.75,2561861.25,1574322,733803.5
1/31/2015,5,2254644,1746761.5,2428836,2178304,2412458,2434884.5,2370166.5,2777257.5,2648514.75,1659619.5,754579.5
2/1/2015,5,2266119.5,1834756,2449414,1643612,2467336.75,2201769.5,2139151.6,2835161,2393743.6,1370064.667,787093.5
2/2/2015,5,2236760.25,1910462.5,2427928.75,2245887.333,2403634.5,2443590,2041134.4,2871107.5,2712589,1645247.333,723951
2/3/2015,5,2210474.75,1535575.667,1981341.6,2190663,2372096.75,2183746.667,2365324.2,2784394.75,2635931.2,1708949.333,702846
2/4/2015,5,1775177.25,1356704.75,1849909.2,1824088.333,2037980.5,2105560.333,1970740.8,2707802,2435012.4,1573947.667,653051
2/5/2015,5,2204222.667,1607401.667,2277183.75,2036210,2321463.667,2253527.667,2353285.25,2697468.5,2589011.8,1748713.667,753564
2/6/2015,5,2080878.667,1784600.75,2433962.75,2194075.667,2452440.333,2511665,2527741.5,2763009.25,2771675.6,1825392.667,779382.5
2/7/2015,5,2366368,1443190,2354528.25,2135154,2489964,2044581,2442057,2609403.5,2598173.8,1754023.667,775650
2/8/2015,5,2181221,1456639.25,2035560,1688379.25,2311430.667,1881837,2264599.25,2375243.75,2505929.6,1685345.667,726482
2/9/2015,5,2048473.333,1664295,2245623.8,2047792.5,2179425.667,1704889,2227901.75,2031671,2207934.4,1684104.333,753467
2/10/2015,5,1965900.667,1536616.25,2118601.4,1938955.75,2052996.25,1981686.5,1848701,1930169.75,2120812.6,1637500,758982.5
2/11/2015,5,1895954,1530650.25,2093637.4,1870719,2025636.75,1595217.667,2084600.4,2207879.75,2351025.2,1638637.667,722131.5
2/12/2015,5,1688873.25,1453918.25,1990640.6,1615076.4,2036281.25,2087929.667,2163398.4,2294966.75,2415160.8,1667238,724268
2/13/2015,5,2212662,1660958.667,2218909.25,2085525,2240823.75,2297525,2309598.6,2486589.75,2548652.8,1635159,692447.5
2/14/2015,5,2227994.667,1580950.667,1884063,2103335.25,2376892.75,2250101.667,2319029.2,2424198.75,2565574.2,1705367,687003.5
2/15/2015,5,1815566.5,1576411.667,2208863,2094381,2182493.5,2157849.333,2253593.8,2594214.25,2506000.6,1714651.333,757996.5
2/16/2015,5,1834620.5,1684383.667,2187379.5,2050134,2260514.667,2178662.667,2200932,2470309.25,2073902.8,1576163.333,659111.5
2/17/2015,5,2066030.333,1772493.667,2374943.25,2230800.25,2473004,2376775.333,2204800.6,2811112.75,2592895.2,1719175.667,732516
2/18/2015,5,2261707.333,1763844,2305236.25,1915328,2492767,2515746.333,2448087,2927454.25,2670549.6,1652880.667,692919.5
2/19/2015,5,2196570.333,1707387.667,2210993.5,2073133,2422608,2430857.667,2402049,2861245.25,2569504.2,1572758.667,683696
2/20/2015,5,2048768.333,1631888.333,2123472.75,1996265.5,2309652.5,2300592.333,2284419.5,2754131,2460803,1508383.333,649281.5
2/21/2015,5,1954895.333,1645730.333,2178860.5,2041151,2208884.5,2286071.667,2285315.75,2736725.75,2475304.6,1538260.333,649570
2/22/2015,5,2227783.667,1772052.333,2363901.75,2219411.5,2449691,2512199,2474531,2926558.25,2706531.4,1583622,640645.5
2/23/2015,5,2271451.333,1734116.667,2372739,2229850.5,2475141,2426068.667,2433839.75,2851923.5,2682631.8,1690643.333,652473.5
2/24/2015,5,2245727.667,1827738.333,2411127,2261818,2456813.75,2519021.333,2527075.75,2940734.5,2722700.4,1720313.667,747297
2/25/2015,5,1721634,1481838.25,2028560.4,1885167.2,2403625,2294052,2327737.75,2760219.25,2542757.2,1642775.667,724738
2/26/2015,5,1859181.5,1500424,1995992.8,1857611.8,1987211.5,1880919,1953109.25,2418059.25,2242179.4,1578333.333,649741.5
2/27/2015,5,2016681.5,1577825,2096873.6,1948168.6,2143928,2049955,2089395.75,2555025,2366410.6,1618308,672762
2/28/2015,5,1863480.5,1498425.75,2052274.8,1910626.4,2029817.25,1937885,2022359,2452242.5,2303805.8,1626156,689581
3/1/2015,5,1841906.5,1448757.25,2011002.6,1876925.6,1961525.75,2027607.5,2160851.75,2554346,2385445,1649685,739602.5
3/2/2015,5,2049710.75,1592736.333,2115313,1992326,2203975.25,2169534,2259343.25,2710809.75,2441054,1309838.75,536830
3/3/2015,5,2049499.75,1608674,2125572.75,1999671.5,2208038,2170222,2244807.25,2694655.25,2438081.6,1374718.5,580602.6667
3/4/2015,5,2128310.25,1703363.667,2227144.25,2083610.25,2291518.75,2324470.5,2424556.5,2732179.75,2572074.4,1429406.5,601734
3/5/2015,5,2161159.75,1560060,2121090.25,2004954.25,2339007.5,2213108.75,2327990,2476558,2509288.8,1397810,620881.3333
3/6/2015,5,2017918.5,1486358,2107430,1993081.25,2168714.5,2104775.75,2215096,2364976.75,2444531.4,1402970.5,596967.3333
3/7/2015,5,1715553,1343584,2061123.25,1936636,2136523.75,1993898.4,2234391.25,2389192,2393465.8,1343334.5,570251
3/8/2015,5,1886420.4,1601876.25,2112610,1985352,2210163.5,2178242.4,2267660.25,2424259.25,2405289.4,1371696.5,601393.6667
3/9/2015,5,1804005.8,1284268.25,1949489.25,1824653.5,2168355.5,2101374.8,2217517.75,2372759.25,2313554.2,1250425.5,527320.6667
3/10/2015,5,1848217.6,1567714,1966727.25,1875222.25,2205605.25,2138469,2223048.75,2429931.5,2353476.8,1275677.25,538214.3333
3/11/2015,5,1865286.2,1541982.667,2032326,1906196.75,2221477,2146534.2,2223668.75,2424502,2364288.6,1295117,549092.3333
3/12/2015,5,1851145.6,1581633.333,2079605.25,1942142.5,2191888.75,2190195,2261160,2438996,2413468.2,1339080.5,569399
3/13/2015,5,1866132.8,1546898,2030297.75,1906218.25,2217118.75,2159841,2240244.75,2425646.75,2376421,1311563.5,556879.3333
3/14/2015,5,1850622.4,1541415,1978164.5,1856689.25,2218356.75,2108977.2,2206941.5,2412022.75,2322502.8,1271934.75,531234.3333
3/15/2015,5,1816064.2,1562247.333,2040790,1908632.25,2137096.25,2154230.6,2198616.5,2393763.25,2372895,1527263,646416
3/16/2015,5,1899870.2,1627113,2081020.25,1956965,2244624.5,2185908.6,2205589,2401321.25,2412383.6,1342198,543701.3333
3/17/2015,5,1794177.2,1529426.333,2013995.5,1898414,2128755.5,2111602.2,2138175.5,2330549,2327803.4,1322212,555421
3/18/2015,5,1808078.2,1524474,2026874.25,1901722.5,2140839.25,2148916,2236776.25,2430595.25,2365486.2,1296845,548964.3333
3/19/2015,5,1902167.2,1602244,2136464,2006325.5,2236154.5,2248863,2335331.75,2494938,2479581.8,1385865.25,609066.3333
3/20/2015,5,1840696,1501618.333,1928850.25,1813416,2206734,2103015,2177204.25,2391135.5,2313487.2,1260044.25,535813
3/21/2015,5,1801051.8,1469437,1958894.75,1841200.5,2122842.25,2092420.2,2144344,2330519.25,2303232.6,1274297.25,534785.6667
3/22/2015,5,1804474,1567596.333,2120203.75,1994159.75,2084014.5,2164779.2,2189816.75,2337097.25,2390260.4,1382611.25,585047
3/23/2015,5,1844067.8,1623301.667,2113134.75,1986041.75,2162791,2161648.6,2185206,2362952.25,2387491.4,1377746.25,583127.3333
3/24/2015,5,1745386.8,1565030,1898246.75,1776838.75,2117009.25,2029493.4,2148443.5,2358048.25,2235334.8,1220058.25,520204.3333
3/25/2015,5,1826267.4,1307889.25,1704978,1849071.75,2203211.25,2134381.4,2239899.75,2445194.25,2349066,1038725.8,529337
3/26/2015,5,1954248,1530124.667,2042299.75,1915992.5,2219472,2195117,2264745.5,2446107.5,2401972.6,1142526.8,576626.6667
3/27/2015,5,1751042.6,1418891.667,1916076.5,1801442.75,2082519.25,2062702.6,2161886.75,2305731,2271159.6,1082514.8,556082.6667
3/28/2015,5,1772063.6,1397594.333,1950512.25,2014083.75,2127785.25,2180958.2,2129862.5,2282626.75,2404959.2,1400861.75,557711.6667
3/29/2015,5,1836952.4,1088389.667,1421657.75,2103498,2122759.75,2043989.6,2123124.8,2529692,2497131.8,1477638,606514.5
3/30/2015,5,1923172,1432955.667,1885348.667,1970538.75,2338996,2213610,2019833.8,2557814,2465315.8,1346145.75,489128.75
3/31/2015,5,1981025.2,1765548.667,2125121.333,2060513.75,2393222,2191618.5,2325309.25,2630083,2537429.4,1398131.25,596759.6667
4/1/2015,5,1946167,1675196.333,2202414.667,2022180.5,2327693,2237142,2319640.75,2513756.25,2477462.2,1388886.25,589418.6667
4/2/2015,5,1976153,1726283.333,1911949.667,1895969.75,2354096.25,2271406,2486412,2625753.25,2600270,1465578.5,657858
4/3/2015,5,1938406,1558533.667,1965413.333,1914246.75,2329754,2099582,2349501.5,2550875,2421920.2,1305232.5,600225.3333
4/4/2015,5,1901101.8,1610946.667,2222275,2012620.5,2222123.75,2239907.5,2298108.75,2463881,2456145,1384193.75,597001
4/5/2015,5,1945385.2,1733054.667,2297008,2110647,2292828.5,2294213.25,2337051.25,2511243.75,2535860.2,1452637.25,601245.3333
4/6/2015,5,1977813,1766455,2197898.333,2083105.25,2392721.25,2205397.25,2347712.75,2549100.75,2519031.2,1429399.5,606685.3333
4/7/2015,5,1894765.2,1325578,2020752.333,1946941.5,2274525,2063303.75,2260554,2471947.75,2405425.4,1340527.25,585883.6667
4/8/2015,5,1930237.4,1709480.75,1825667.75,1769496,2307875.25,2164299,1962250.2,2533759.25,2482672.2,1431520,615281
4/9/2015,5,1793948.2,1563324.75,1801274,1940093.4,1944555.5,2124227,2108552.2,2334181.5,2320009.2,1390767.25,404216
4/10/2015,5,1794567.2,1551070.75,2030019,1901146.6,2128975.5,2077100.5,2047415,2275096.5,2284072.4,1359836.5,865957
4/11/2015,5,1717490.8,1206414.25,1915608.667,1865872.8,2050633.5,2083319.25,2030477.2,2405383,2252746.4,1399418.75,565859
4/12/2015,5,1735608.8,1368515,1912884.667,1896728.4,2099336.75,2105949,2089617.6,2301656,2299262,1412797,568742
4/13/2015,5,1824399,1434709.333,1886556,1788335.25,2234768,2094224.75,2156442,2349014.25,2363158.4,1451258.75,586963
4/14/2015,5,1891376.8,1171099.667,1529180.667,1563278.5,2303107.5,2238832.25,2279924.2,2458575,2485973.4,1492075.75,686676
4/15/2015,5,1971419.4,1605041.5,2165709,2006900.667,2436199.25,2320369.75,2334165.4,2538767.25,2551229.4,1492824.5,684658.75
4/16/2015,5,1935474.4,1552498,2117767,2415678.75,2409638.5,2233917.75,2252350.6,2500172,2481673.6,1433709.75,660221.25
4/17/2015,5,1831281.2,1312976,2160124,1973807.5,2205267.75,2200350.5,2100085,1929652.5,2348181.8,1376235,635586.75
4/18/2015,5,1810853.2,1311609.5,2372337.5,2092035.75,2120754,2310930.25,2174090.4,2335662.667,2447812.6,1463850.5,666765.25
4/19/2015,5,2019697.2,1651265.5,2534147,2296395.5,2415247.25,2512197.75,2471738.6,2806560,2732522.4,1576924.25,717306
4/20/2015,5,2136758.4,1667324,2602987,2359502.25,2567027,2549635.5,2471811,2748886.333,2768396.2,1645576.25,757844.75
4/21/2015,5,2012935.6,1633797.5,2292071,2155601.25,2490427,2387947.25,2399068.6,2736856,2604444,1484614,682331.25
4/22/2015,5,1953186.5,1138293.5,2481359,2167810.667,2480920.333,2044629.25,2292305.5,2790089,2275488.5,1573022,721394.6667
4/23/2015,4,1914672.5,1648435.5,1924069.5,2228432.667,2372827.667,2382393,2284291,2025504.667,2467859.667,1627149.333,742531
4/24/2015,4,1914270,989674.3333,2264925,2179115.667,2382890.333,2349572,2251870.5,2638571.667,1984943.25,1585724.667,723886
4/25/2015,4,1853792.75,906864,2197265.5,2138805,2291384,2258804.25,2141505.75,2508993.333,2466135.75,1572588,722281
4/26/2015,4,1719996.25,1373208,1511236.333,2123668.333,2103373,2145618.75,2046296.75,2372438.333,2349181.75,1544337.667,704822.6667
4/27/2015,4,1793671.75,1580598,1791265.333,1839184.25,2010492,2269763.25,2204763.25,2565243.333,2480231.25,1542985.333,705032.3333
4/28/2015,4,1826718,1606104,2072517.667,1907083,2074426.5,2153439.75,2217272,2453694.667,2345225,1282080.5,656039.6667
4/29/2015,4,1810980.5,1647223,2078788.333,1985019.5,2140999,2170427,2133389.75,2416476.667,2381765.25,1377793.75,729045.3333
4/30/2015,4,1638480,1468355,2133168.25,2254154.75,2086161,2417917.5,2309734.75,2406912.333,2653440,1560141,808563.6667
5/1/2015,4,2098129,2038116.5,2467016.25,2295856.5,2891917,2518879.75,2452246.5,2754120.667,2753053.25,1553092.75,769935.3333
5/2/2015,4,2206933,2113510,2394512,2228226,3308354,2476877,2425720.5,2856725.667,2709460.25,1507856.5,754636.3333
5/3/2015,4,2176042,2122378.5,2236355.5,2288579.25,3267086,2512279.75,2443776,2806170,2748956.5,1551738,786028.6667
5/4/2015,4,2307429.333,2158894.5,2424889.25,2294675.25,3151034,2499584.75,2447404.75,2770106,2750025.75,1562671,794436.6667
5/5/2015,4,2041440,2202848,2336373.25,2220737.25,3084259,2408763.75,2331953.75,2586787.333,2644354.25,1533993.75,801448
5/6/2015,4,1530493.333,2152251.5,2306661.5,2167347,2797949,2321444.5,2259022.75,2477422.333,2548851.5,1320806.75,776673.3333
5/7/2015,4,1909178.5,2253270.5,2528718.25,2372742.5,2996418,2567514.5,2505383.25,2746338,2813744.75,1395586.5,824095.6667
5/8/2015,4,2002548,2144108.5,2563766.25,2368987,3190996,2619468.5,2528417.25,2844002.667,2861258,1624255.75,729721.75
5/9/2015,4,1589132.5,1802808.5,2286221.75,2152019.5,2250261,2334677.75,2222207.5,2477456.667,2545743,1486931.5,685091.25
5/10/2015,4,1798069,2033775,2478257.75,2326887.5,2467508,2479714.5,2360787,2542998,2721511,1604639.75,733909
5/11/2015,4,2094751,2175225.5,2720285.75,2355074.75,3312616,2565315.5,2482954,2775852.667,2812837,1609558.5,738030
5/12/2015,4,2203449,1565457.333,2350389,2186465.25,1724102,2442009.25,2407575.25,2855963,2669783.25,1479518.75,683621.25
5/13/2015,4,2040468,1816264.667,2231919.75,2072370.5,2887561,2288758.5,2262394.5,2713722.667,2505422,1388217.75,651216.25
5/14/2015,4,2138519.333,1232546,2280091.75,2125631.5,2958769,2358015.25,2261042,2684987,2560639.25,1434923.25,686357.25
5/15/2015,4,2039112.333,1753880.667,2382959.25,2233634.5,2676101.5,2453491,2268651.25,2599630.333,2623730,1534679.25,712994.25
5/16/2015,4,2051953,2006572,2610028.25,2462695.25,2704390,2629248.25,2471119.75,2881329.667,2862915.25,1715566.5,791081.25
5/17/2015,4,1973163.667,1258601,2187910.5,2109103.75,2538580,2611506,2413648.25,2733240.667,2808816.75,1706483,783341.75
5/18/2015,4,2010707.333,1617176.333,2128081.5,2186443,2468390,2617338,2471710,2763581.333,2799503.75,1641435.75,751455.75
5/19/2015,4,2056945,1935683.333,2276823.5,2122833.5,1718640.5,2419704.5,2343909.75,2645306,2573204.75,1451668.25,675704.75
5/20/2015,4,2016743.667,1491438.5,2312394.25,2162563,2760449.5,2408284.25,2262768.25,2670190.667,2569881.5,1479102.5,683638.75
5/21/2015,4,2047499.667,1878437.667,2448160.25,2292705.5,2731776.5,2524854.25,2361766.75,2799830,2698727.25,1571404.75,722009.25
5/22/2015,4,2109592,2015230,2554514.75,2401129.25,2834058,2640708.75,2472093.75,2839463,2825640,1660435,765423
5/23/2015,4,2034960,2053088,2497993.25,2348163.25,2780908.5,2583011.75,2438576,2702318,2763930.25,1627107,749629
5/24/2015,4,2005925.333,2122461.667,2552157,2403754.75,2728711.5,2618929.75,2475801,2667770.667,2806372.25,1671618.5,768415
5/25/2015,4,1982603.667,2015012.333,2555224,2417835.75,2580015,2603288.5,2416508.25,2673228.333,2797996.75,1699669,781725.75
5/26/2015,4,1866424.667,1983239,2425055.75,2291717.75,2482921,2490517.5,2348376.25,2534400.667,2672915,1607625.25,741562.5
5/27/2015,4,1880113,1980616.667,2254783.75,2121915.5,2519735.5,2398934.25,2287549,2323978.667,2506453.75,1477082.25,692992
5/28/2015,4,1777724.333,1982886.333,2368169.5,2251721.25,2366028,2436723,2298370,2396644.333,2618734.75,1588695.5,725029
5/29/2015,4,1769422.333,1591364.5,2436253.25,2303372.25,2368209,2451479.5,2348018.75,2390448.667,2856905.75,1588144,744281.25
5/30/2015,4,1795106.333,1978170.333,2473656.25,2352947,2293221,2504133,2320917.75,2461039.333,2699067,1672646,767670.5
5/31/2015,4,1821431.333,1957016.667,2532629.5,2398242.25,2289482,2556372,2372269.25,2621199,2750579.5,1686690.5,770276.75
6/1/2015,4,1939462,2226794,2579933.75,1729383.75,2086541.333,2655284.5,2579967.25,2661216,2840082.75,1666304,764012.25
6/2/2015,4,2224418.667,2344938,2792609.75,2394790.667,2745900,2887058.75,2756157.75,3008153.667,3084935.75,1794107.5,820748.25
6/3/2015,4,2456082.333,2347910,2922510,2640063.333,2918467.333,3028140.25,2862774.25,3296465.667,3241574.5,1877314.25,862834.75
6/4/2015,4,2487331.667,2295185.333,3028608.25,2639730.667,2905595.667,3081615.75,2951399.5,3304272.333,3359005,1966934,905525.5
6/5/2015,4,2466311,2235976.667,3090960.25,2638196,2772928.333,3082963.25,2996130.75,3300635.333,3413057,2006971.25,920389
6/6/2015,4,2098824.5,2152064,3004633.5,2548770.25,2810506.333,3027710.75,2938615.75,3316969.667,3350511.25,1954180.75,898233.75
6/7/2015,4,2165032.5,1883490,2802413.5,2628381.5,2448774.333,2808206,2728150.25,3174222.667,3115057.25,1815294.5,832865.75
6/8/2015,4,1913209.75,1874798.667,2833329,2639642.75,2419907,2845381.75,2764504.25,3366599.667,3146532.75,1790083,822947.5
6/9/2015,4,2225262,1921379.333,2774287.5,2595132.75,2556004.667,2828075.5,2760411.75,3220706.333,3132984,1780402.75,824323
6/10/2015,4,1805199.25,1480927.5,2493664.25,2353399.5,2270036.333,2587208.5,2536726,2880986,2894943,1691748.25,782727.75
6/11/2015,4,2028077,1914869,2688015.75,2564027.25,2390746,2842619,2736487.5,3157284,3152812.5,1849327.25,852355.5
6/12/2015,4,1965642.75,1551212.5,2621715.25,2463157.75,2175749,2603577,2209948.5,2869741,2869726.5,1704204,781915.25
6/13/2015,4,2074534.25,1817252.75,2866850.75,2687471,2293179.333,2842939.25,3043850,3163280.333,3141640,1847944.25,844337.25
6/14/2015,4,2151273,1875296,2788072.5,2620591.25,2451099,2813051.25,2440121.75,3158917.667,3109597.75,1819122.5,836557
6/15/2015,4,2152596,1969886.5,2801930.5,2615212,2437629,2811979,2763369.75,3175456,3107440.5,1781152.75,818622.5
6/16/2015,4,2280734.75,2082546.25,2942161.75,2754170.25,2599668.667,2965060.5,2917615.25,3200112.333,3282370,1892662,867737
6/17/2015,4,2243128.75,2015105,2834489.5,2655718.75,2604553.667,2875612.25,2815118.25,3116079,3174688.75,1827769.5,839123.5
6/18/2015,4,2075094.5,1818870.5,2566965.5,2394986.75,2393462,2481878.75,2507681.5,2832500.333,2880972.5,1632280.75,753289.75
6/19/2015,4,1973426.5,1735064,2441664.5,2291794.5,2183959.333,2582407.667,2376329.25,3075863.5,2737426.5,1581367.5,733266
6/20/2015,4,1543809.75,1616781.75,2291366.25,2166281.5,1906649.667,2369038,2152055.5,2696014.5,2523653.5,1518246,698045.25
6/21/2015,4,1713668.333,1546455.75,2203545.75,2053768.75,1794230,2139996,2172648.75,2837206,2442286.75,1400550.25,658150
6/22/2015,4,1940913.667,1594307.75,2259987.25,2092580,2058448.333,2216010,2306418.25,2977964,2536136.5,1402568.25,680512.25
6/23/2015,4,2134437.333,1585342.25,2222577.75,2050959.25,2302331.333,2204513.333,2293684.25,2596984.333,2533930.25,1363766,669383.5
6/24/2015,4,2618414,1660519.25,2368527.75,2197291.75,2143771.667,2203671.5,2561019.667,2831687.667,2634904.75,1475543.5,699204.5
6/25/2015,4,2153709.667,1775108.5,2492183.5,2317668.75,2298783.333,2545792.25,2748303,3062668,2815136.5,1566379.75,741929.5
6/26/2015,4,2175043.667,1571819.75,2197935.75,2072750,2141831.667,2233480.5,2222237.333,2563243,2472279,1440932.25,684109
6/27/2015,4,1685563.667,1529356.75,2201732,2060321.75,1630877.667,2165747.25,2164760.333,2454154,2402999.5,1416238.25,642654.5
6/28/2015,4,2094804.667,1821634.5,2594666.25,2432082.25,2202276.667,2590406,2460851.667,2718228,2865372,1665813.25,770058.25
6/29/2015,4,2121583.667,1821604.25,2580629.75,2425882.75,2254438.667,2583739.5,2433496.333,2736251,2855129.5,1683255.5,771698
6/30/2015,4,2115759,1778067.5,2521737.75,2344070.25,2168828.333,2542602,2658563.333,2933774,2813682.75,1588593.75,723322.25
7/1/2015,4,2349703,1693860.25,2385935.25,2225402.5,2335020.667,2416458.25,2547029.333,2833317.667,2690560.75,1512327.5,705770
7/2/2015,4,1752143.5,1736552.25,2472878,2290874.75,2111893.333,2489933.25,2269591.25,2917888.333,2758187.25,1535591,702292.25
7/3/2015,4,2108095.25,1827214.75,2571579.25,2401699.5,2391052.333,2610576.25,2544336.75,2995211.667,2888272.5,1635101,757801.25
7/4/2015,4,1932366,1713705.25,2396715.5,2243945.75,2218434.667,2449484,2411253.5,2732410.667,2490443,1400674.25,716119.5
7/5/2015,4,1798107.5,1579918,2268086,2110401.25,2061254,2249396,2308019.5,2470979.333,2547543.333,1272714,674510.25
7/6/2015,4,1835773.25,1716900.75,2429322.75,2280180.5,2047609.333,2441906,2391447.75,2581275,2657678.333,1366119.667,722258
7/7/2015,4,1818983.25,1657585.25,2374010.25,2238057.5,2058092.667,2338209.75,2309291.25,2336523,2415089.667,1254653.667,718205.75
7/8/2015,4,1877053.25,1778177.75,2521399.5,2528558.25,2054084.333,2508128.25,2395509.25,2830178.333,2669789,1426651.667,773195
7/9/2015,4,1796200.5,1730835.5,2444481.25,2560058,2013937.667,2447964,2143735,2975770.667,2199397.5,1227360.75,742233
7/10/2015,4,1850081.5,1765677.25,2512311.75,2636249.75,2059444,2441359,2663482.333,3049214.667,2745486.5,1625513.5,754640
7/11/2015,4,1754563.5,1781089,2529824.75,2655696.75,1372587,2422147.75,2608661.333,2997689,2763778,1648105.25,735729
7/12/2015,4,1905302.25,1939052.25,2765846,2668381.25,2004537,2746494.25,2967103.333,3078481.333,3034626,1800564.5,793882.75
7/13/2015,4,2016204.75,1783644.5,2515390.75,2525093.25,1866081.5,2543010.75,2607593.667,3226156,2797024.75,1622137.75,753025.25
7/14/2015,4,1900734.5,1765368,2483597.75,2520572,2053395.333,2503701.75,2642871,3018974.333,2759510,1634564.5,751529.75
7/15/2015,4,1838332.5,1754874,2499933.5,2542344.75,2030086.333,2486992,2582712.667,3073969.333,2740256.75,1629458,745686.5
7/16/2015,4,1973325.75,1852378,2634972.25,2488462.75,2176819,2632955.75,2763548.333,2985914.333,2906028.25,1702922.75,780178
7/17/2015,4,2044335.25,1905984.75,2695771.5,2540241.5,2251314.667,2701291.5,2849700,2896860.333,2982599.25,1767056.75,814119.25
7/18/2015,4,1870752.5,1776543.25,2507922,2347796.75,2159226,2532126,2727257.333,2785838,2785554,1617204,735571.75
7/19/2015,4,2087888.5,1853924,2623367.75,2443023.5,2364498.333,2654924.5,2850989.333,3099523.333,2930107,1654774,763607.5
7/20/2015,4,2079767,1896275.5,2664213.75,2483767.75,2394009,2692952.75,3156787.667,2935895,2999387,1693693.75,784486.75
7/21/2015,4,2023166.5,1715470,2421696,2243804.25,2469182,2470953,2977239.667,2655512.333,2720564.5,1493846.5,720940
7/22/2015,4,2134732.5,1922165.5,2739410,2554312.5,2410722.333,2759659,2980410,3126828.667,3033911.75,1730513.75,799496.75
7/23/2015,4,2163709,1953788.75,2749425,2578461.75,2470333.667,2811092.25,2566533.75,3044253.667,3076579.75,1779829.25,817950.75
7/24/2015,4,2056002.25,1852137.25,2617279.5,2442836,2346255.667,2687063,2597782,2946904.333,2924702.25,1662526.75,767655.75
7/25/2015,4,2016669.25,1797220.5,2548798.75,2394747.5,2258169.333,2601887.5,2419388,2789282.667,2825317.25,1657777,765881.75
7/26/2015,4,1977513,1850764,2642438,2464592.25,1728624.25,2633942.75,2612303,2860861,2921860,1676821,762732.25
7/27/2015,4,2149941.5,1934876.5,2740230.5,2562084.75,2440290.667,2755343.25,2699108.75,2944180,3052508.75,1781696.5,807234
7/28/2015,4,1994788.75,1741278.75,2419338.25,2246778.5,2427475.333,2505853.5,2595102.75,2711203,2772375.25,1541980,717271.25
7/29/2015,4,1968836.75,1662333.25,2363629,2188069,2317430.667,2391312,2442043,2631366.333,2639137,1477619,686930
7/30/2015,4,1818267.5,1823861.75,2578064,2422750.25,1905544.5,2580588.5,2535402.5,2631152.667,2859744.75,1695880.75,770920.75
7/31/2015,4,1693786.333,1562034,2173741.25,2049338.25,1679264.75,2220359,2175313.75,2239301.333,2439477,1323053.75,613945.25
8/1/2015,4,1716030,1705522,2446981.25,2298446,1851145.667,2415638.25,2372248,2407800.667,2670573.25,1571614,704096.5
8/2/2015,4,2045458.333,1830017,2621827,2462648,2015044.667,2588249.25,2530915.25,2813799.667,2869325,1731279.5,777938.25
8/3/2015,4,2211509.333,1755239.25,2463868.75,2318878.25,2129566,2494288.5,2470568.25,2482114.333,2749498.25,1636531.75,747928.5
8/4/2015,4,2176953.667,1639352,2303212.75,2150855.75,1898651.333,2349087.75,2401033.75,2410706.333,2585858.25,1488217,695169.5
8/5/2015,4,1864260.667,1532100.25,2151077.75,2015019,1964030.667,2186594,1998424,2428268.333,2412449.75,1410759.5,657882.5
8/6/2015,4,1781548.667,1566674.5,2232661.75,2090043,1923535,2230968,2221083.667,2430653,2453616.5,1461674.25,665715.75
8/7/2015,4,1851705,1669619,2373945.25,2233417.75,2104012,2367409.25,2219485,2433421,2603181,1482457.25,676934.75
8/8/2015,4,1430538,1757410,2497290.5,2348756.75,2151469.667,2492399,2333214.333,2541702,2745973.25,1879579,845743.6667
8/9/2015,4,2028446.333,1692809,2419994.5,2295730.5,1955403,2374285.5,2053977.667,2266247.333,2635080.75,1548730,687923.5
8/10/2015,4,2053932,1846765.25,2609666.5,2467680.25,2113574.667,2608209.5,2327140,2517272.333,2885557.75,1759858.25,789041
8/11/2015,4,1984186,1613856,2311288.75,2169762.75,1801675.333,2283321.5,2119508.667,2209003,2530386,1521574,693992
8/12/2015,4,2106398.333,1808864.75,2584133.75,2428989,1956241,2559355.75,2391346.667,2578169.667,2833611.25,1708048.5,770439.25
8/13/2015,4,1889646.25,1873733.25,2650659.75,2482037.25,2174600.333,2667768,2387929,2775560,2948040,1731356.75,781504
8/14/2015,4,1943124.75,1715154.75,2412862.75,2272211,2120368.333,2435877.75,2344462.25,2513570.333,2687445,1457829.5,732460.25
8/15/2015,4,1781734,1710112.25,2426646.75,2275773.25,2017104.333,2432229,2335079.25,2615329.667,2681185.75,1280814,717730.75
8/16/2015,4,1946518,1752931,2480128.25,2308518.75,2073427.667,2511202.5,2457665.25,2796802.333,2773358.25,1332646.667,717587.25
8/17/2015,4,1966104,1737649.25,2453146.25,2279657.75,1988286.333,2494139.25,2450422,2784454.667,2754435.25,1335869,709918.75
8/18/2015,4,1952015.75,1492652.75,2378129,2205568.5,1981127.667,2446107.25,2437031.75,2749535.333,2700292.5,1326559.667,691191.75
8/19/2015,4,1867876,1429342.75,2204465.5,2036361.75,1894325,2262508.5,2331145.75,2653855.333,2493437,1232257,670384.25
8/20/2015,4,1749699.5,1624174,2278679.5,2125438,2062320.667,2296699,2263171.25,2628098.667,2482594,1468329.75,679272
8/21/2015,4,1693697.5,1557583.25,2193998.25,2043129.75,2045779.667,2073981.75,2181481.25,2517427.667,2488489.5,1411852.5,657733.25
8/22/2015,4,1775247.75,1587780.25,2226806.75,2076450.75,2141310,2233571.25,2203778.5,2496961,2509918.75,1437430.25,650443.5
8/23/2015,4,1883922.5,1751719.75,2483701.75,2303350,2073628.333,2507157.75,2479685.25,2795367.667,2566336.25,1574081.5,708971.75
8/24/2015,4,2018309,1740858.25,2443422.25,2281344.5,2094522.333,2491767,2422137.5,2734157,2740012.75,1578416.25,714278.75
8/25/2015,4,2240544,1713653.75,2406145.5,2233806.75,2099353.333,2458168.75,2478614.75,2749496,2729847,1528581.75,696429.5
8/26/2015,4,1808593,1559750,2190407.5,2035007.75,1961759.667,2214978.75,2281127.25,2441733.667,2461289,1384531.5,639509.75
8/27/2015,4,1831853,1689609.25,2380183.75,2232603,2131690,2387815.75,2339113,2467218.333,2640127.75,1562868.5,704637.75
8/28/2015,4,1738810.25,1558238.25,2190703.75,2059234.5,2037351.333,2166476,2133743,2321820.333,2079265.75,1407224.5,659691.5
8/29/2015,4,1273715.25,1554185.25,2219014.75,2048638,1866416.667,2154076.5,2140791.75,2327400.667,2480818.333,1639292.333,733159.6667
8/30/2015,4,1864612.75,1692233.75,2389800.75,2225050.25,2011261.333,2365892.5,2374019,2704187.333,2882034.333,1423817.75,630475.75
8/31/2015,4,1650741.5,1321865.5,1792407.75,1721357.5,1827227.333,1835411,1689887,1897704.333,2031644,1223188,597082.75
9/1/2015,4,1447426.25,1391549.5,1990580,1840364.25,1478973.667,1948794.5,2419879.333,2102877.333,2200617,1242034.25,606640.25
9/2/2015,4,1754230.5,1536580.5,2150997.25,2020272.75,1786278,2140995,1954213.75,2335248.667,2472782.667,1390486.25,651164.5
9/3/2015,4,1718941.75,1567096.25,2214959.25,2065079.5,1937416.667,2180161.75,2219323,2389310.333,2534037.333,1426490,646217.25
9/4/2015,4,1754688.5,1593774.5,2246500,2105380.25,1985788,2211114,2209853.25,2367054.667,2515943.333,1468428.75,665066.75
9/5/2015,4,1706127,1594912.25,2244756,2104356,2103809,2211451,2175080,2440912,2607601.667,1475805.25,665380.25
9/6/2015,4,1757327,1553063.5,2185072.25,2036041.5,1949423.333,2168138.75,2214805,2408172.333,2559823.333,1405286,635914.75
9/7/2015,4,1746536.25,1556546.75,2195685.75,2047744,1757936.667,2175946.25,2232286.5,2385191.667,2541004,1413402.5,642305.25
9/8/2015,4,1743028.75,1525524.25,2163839.75,2018820,1646859.667,2133239,2263014.25,2234744.667,2374814.667,1394100.25,646555.25
9/9/2015,4,1693907,1492887.25,2112874.75,1965203.25,1582148.667,2091991.25,2292566.5,2214293.667,2332666.333,1342643.25,646435
9/10/2015,4,1798854.25,1602997,2280659.5,2123676.5,1644896,2251630.5,2463851.5,2342014.333,2465204.333,1445496.5,692867.5
9/11/2015,4,1849321.25,1569169.25,2207585.75,2068016,1693214.333,2190463.5,2371590,2181526,2310206,1436951.75,696177
9/12/2015,4,1584378.25,1432737.75,2033934.75,1917103.5,1573873.333,1986283.25,2136048.25,1860324,1979637.667,1353437.25,653019.75
9/13/2015,4,1563428,1457573.75,2088233.25,1962172.25,1495194,2022831.25,2176959.5,1915098.667,2039983,1376638.25,654774.5
9/14/2015,4,1679578.75,1569950,2213599.5,2074540,1754025,2183986.25,2354046.75,2175094.667,2404804.75,1443834,678315.25
9/15/2015,4,1668382.75,1466106.5,2079781.75,1938667.75,1603906.667,2050716.25,2240585.75,2112283.667,2318680,1334648.25,645067
9/16/2015,4,1668293.5,1521308,2162728.25,2012276.75,1622960.333,2125072.25,2313071.75,2224712.333,2403527.25,1375712.75,652338
9/17/2015,4,1807684.75,1613838,2273781.25,2127841.75,1846308,2248496.25,2331546.25,2366329.667,2542119.75,1475931.25,672613.25
9/18/2015,4,1561562,1358455.25,1893334.75,1781245,1773983.667,1887123,1944913.5,2015152.333,2131398,1261609,591577.75
9/19/2015,4,1439486.25,1362891.25,1947159.75,1808277,1650377.667,1901731.5,2006987.5,2165526.333,1813380.75,1234977.25,579481
9/20/2015,4,1677523.5,1425804.5,1989250,1842033,1740863,1997386,2074488.25,2284273.667,2439328,1282118,611736.75
9/21/2015,4,1453865.5,1446572.5,1873200.25,1746975.25,1706721.333,1836467.5,1910715.5,2057205,2191604.333,1211495.75,569387.75
9/22/2015,4,1541117.25,1398584,1973924,1828134.75,1823659.667,1954055.75,2097355.25,2244838,2367986.667,1243278.25,588528.75
9/23/2015,4,1709822.5,1456740,2030543,1881402.25,1820557,2028509,2202005.75,2360711,2491050,1275433.25,616777.5
9/24/2015,4,1605966.75,1478813.5,2103966.5,1961339,1788127,2059424,2082541.25,2310205,2458596.667,1351687.75,617224.5
9/25/2015,4,1679831.25,1516511.75,2133522.75,1709732,1917877.333,2103865.25,2113684.25,2263707.667,2422956.333,1403992.75,495455.75
9/26/2015,4,1661771.5,1534279.5,2175109.75,1910127.333,1787142.667,2139525.5,2227226.75,2291336,2429347,1402071,557110
9/27/2015,4,1718241.75,1510973.25,2151021.5,1787771,1652318.667,2103587,2205086.25,2142065.333,2285763.667,1402713.5,542231.3333
9/28/2015,4,1749670.5,1610677.5,2291756.5,1804005,1666812.333,2240342.5,2377707.75,2175416.667,2311509.667,1504541.5,545979.3333
9/29/2015,4,1768387.25,1574429.5,2297014.5,1813205.333,1722989,2193674.5,2113202.25,1898246,2352547,1444687.5,569201
9/30/2015,4,1655758.75,1500581.25,2085483.25,1661365.333,1764782,2076131,2449991.667,2217103,2121983,1406271,490541.3333
10/1/2015,4,1594953.75,1514603.25,2156639.75,1705196.333,1768372.333,2096011.75,2468936,2226205.5,2154695,1425763,522745
10/2/2015,4,1630152.25,1485027.75,2105534.75,1622457.667,1661738.333,2055910.75,2407479,2105986.5,2067492,1410724.75,518276.3333
10/3/2015,4,1553236.75,1503763.25,2160539.25,1605004,1666457,2073106.5,2437067.667,2046882.5,2019135,1439718.5,502973
10/4/2015,4,1664567.5,1556980,2213995.25,1606804.667,1646760,2155964.25,2554089.667,2169353.5,2097781.333,1488281.5,521525.3333
10/5/2015,4,1658225,1553559.25,2207492,1826078.333,1590730.667,2168489,2639291.333,2568923,2347322,1419590.5,564089.3333
10/6/2015,4,1699605.75,1485010.5,2090117,1736608.333,1728665.667,2068336,2473262.333,2412122,2242111.667,1361236,554292.6667
10/7/2015,4,1713661,1542108.75,2186382.75,1847811.667,1679173.333,2155129.75,2622896.667,2626208,2384654,1396318.5,575196.6667
10/8/2015,4,1732571.5,1542987,2182475.75,1818857,1570521.333,2153619.25,2614135.667,2582774.5,2353702.333,1403258.75,571630.3333
10/9/2015,4,1772982.5,1568368,2211968,1819854,1747724.333,2186121,2653371.333,2382572.5,2359649.333,1392603.25,550399.3333
10/10/2015,4,1716703.25,1534707.75,2166702.25,1778616,1708921.667,2136188.5,2541882.333,2439829,2285666.333,1414681.5,561382
10/11/2015,4,1559032.25,1435311.25,2038530.75,1651840.667,1667846.333,1985159,2233057,2004878,2073433.333,1371182.75,511467.3333
10/12/2015,4,1502817,1431379.5,2061109.75,1678413.667,1554749.333,1979235.25,2202960.667,1972275,2078185.333,1373462.5,506473.3333
10/13/2015,4,1595462.75,1556639.5,2220441,1926055,1747281.667,2160086.5,2436826,2370555.5,2401261.333,1457422.75,569227
10/14/2015,4,1702880.25,1554210.75,2207733.25,1936587.667,1771748.333,2158199.75,1788233,2309939.5,2417822.667,1467567.5,588329.3333
10/15/2015,4,1689294,1588732.5,2267940.5,1987355.333,1711612.333,2185388,2165078.5,2416691.5,2495128.333,1491725.75,596641.3333
10/16/2015,4,1696650.5,1576753,2232306,1889964,1844023.667,2185790,2276112.5,1864038,2381502,1493703.25,584192
10/17/2015,4,1878581,1595883.25,2297278.75,1877140.333,1661876,2213663.75,2241443.5,2129407.333,2284975,1527241.25,561538.3333
10/18/2015,4,2039325.333,1716282.25,2451291.75,1915998,1784563.667,2371947.5,2496482,2213670.667,2387677.667,1663525.25,581310.3333
10/19/2015,4,1841784.333,1600365.5,2276922.75,1891694,1792234.333,2216667.25,2252428.5,2185833.667,2354421.333,1532224,572352
10/20/2015,4,1870223,1526971.5,2159224.5,1878822.667,1674456,2123547.75,2094559.5,2195836.333,2361266.667,1436952.25,568050.6667
10/21/2015,4,1759753,1496033.25,2139003,1824489.333,1699234.667,2073684,2207987,1765494.667,2275554,1408669.25,544214.3333
10/22/2015,4,1913180.333,1508763,2126158.75,1789905.333,1713647,2092937.25,1873243.667,1899413.5,2267114.667,1419544.75,547471.6667
10/23/2015,4,1270354.25,1425200.25,2031196.75,1697517.667,1620585.333,1971473.75,2204261.333,1845237.5,2114922,1354215,509466.6667
10/24/2015,4,1313777,1407220.25,1994420.75,1659161,1658422.667,1942508.5,1649215.25,1908332.5,2067296.667,1343015,504806.3333
10/25/2015,4,1257057.5,1480662,2135867.25,1786031.667,1675225.667,2043277.25,1759401,1922103,2180529,1428597.5,529583.3333
10/26/2015,4,1913898,1547005.5,2184974.5,1771392.333,1746042,2137064.25,2359160.333,1944178,2230076,1486515.5,555899.3333
10/27/2015,4,1671902.333,1471978,2109470.5,1605704.333,1702662.667,2027561.25,2334817,1784234.5,2001552.667,1420529.5,491355.3333
10/28/2015,4,1498071,1524345,2160652.25,1732083.667,1669173.333,2113425,1944460.75,1889207,2195959.667,1430767,529472
10/29/2015,4,1448644.75,1527241.75,2165015.75,1796412.333,1794115,2116682.5,2090091.25,2034102.5,2268152,1430282.5,536448.3333
10/30/2015,4,1640917.75,1490725.25,2100913.5,1395062,1744593.667,2066936.25,2217793.25,1981026.5,2229021.333,1392417.5,528621
10/31/2015,4,1481346.5,1143771.5,1949457.25,1555204.5,1644918.333,1892527.75,2016633,1817493,1959689,1317072.25,480452.6667
11/1/2015,4,1432051,1254271.667,1961419.5,1855320,1605174.333,1911685.25,1773541.75,1579367,2000080.333,1199828,414966.3333
11/2/2015,4,1476706.75,1311822,2038984.25,1926133,1645691,1974168.5,2177124,1948144.667,2094970.667,1270959.25,573029.5
11/3/2015,4,1559246.5,1408899.667,2086050.5,1963888.5,1712063,2067203.5,2308551.333,2083310,2256178.667,1573375,588414.5
11/4/2015,4,1563181,1296800.333,1987461,1864735,1639072.333,1972848.75,1770496.25,1967557.333,2089009.333,1465242,568848.5
11/5/2015,4,1527521.25,1315818.667,2016146.75,1895789.5,1703031,1966784.5,2246643.667,1973084.667,2104291.333,1519747,590117
11/6/2015,4,1542441.5,1343371.667,2054863.5,1939650,1780651.667,2000106.5,1858109,2011847.333,2145978.333,1560524.333,634473
11/7/2015,4,1511649,1345705.333,2051211.5,1924909.75,1575732.333,2018632.25,2009392.5,1994701,2167678.667,1497173.667,565227
11/8/2015,4,1537777.75,1341483.333,2041869.5,1925588.25,1689125,1991459.25,1979665,2005303,2148737,1528132,575713
11/9/2015,4,1363170,1336198.667,2030751.75,1895699.5,1576539,1715094.75,1713603.25,1673539.667,1776002,1370620.667,555647
11/10/2015,4,1460147.25,1242592,1911841.25,1792261,1545032.667,1873406,1905066.25,1886506.667,2005546.333,1375284,557786
11/11/2015,4,1499953.75,1217220,1888906,1770693.5,1512155.667,1859181.5,1911155,1870694.333,1972547,1263845.333,518290
11/12/2015,4,1514721.75,1232129,1904354,1755628.5,1515295.333,1940893.25,2065660.25,1963994.333,2015746.667,1105800.667,370844.5
11/13/2015,4,1674632.25,1152188.667,1794330.25,1636328,1736193.667,1880971.75,2064683.5,1914578,1900521,995749,350720
11/14/2015,4,1610732,1222162,1894805.75,1714240,1678890,1973476.75,2172584.5,2015265,2024743,1173573,334915
11/15/2015,4,1783078,1218218.667,1855016.75,1689790.5,1716803.333,1953905,2151760,2032714.667,2018001.667,1157083,341564
11/16/2015,4,1528328.25,1293250.667,1955643.5,1770971.75,1778479.75,2044015.75,1955409.5,2137013,2145912.667,1181568.333,342950.5
11/17/2015,4,1702968.333,1367243.333,2012790.5,1824570.5,1946553,2118145,2367167.667,2270853,2266677.333,970249,371542
11/18/2015,4,1692508.333,1352603,1994722,1807258,1950911.5,2097516.5,2340886.333,2246744.667,2242461.333,1108278.5,351310.3333
11/19/2015,4,1680870,1344804.667,1968482,1781180.25,1908976,2068643.25,2282827,2284831,2228726.667,1115910.75,399154.25
11/20/2015,4,1720846.333,1373250.667,1988428.75,1798600.5,1944271,2098381.25,2106397.75,2281966,2276988,1134130.75,526096
11/21/2015,4,1640541.333,1340149.667,1964259.5,1777684.5,1903162.5,2070245.5,2290425.5,2225813.667,2223394.667,1096660,521367.25
11/22/2015,4,1605014.333,1256578.667,1875241.25,1703772,1862301,1977902.25,2182132.5,2092692.333,2085843,1045037,478284.75
11/23/2015,4,1484092.333,1232540.667,1785339.25,1614101.25,1739882,1890329,2089971,2048184.667,2047968.667,1010412.75,482064.75
11/24/2015,4,1525454,1304572,1851611.25,1666081.75,1769244.25,1953908.75,2170820.75,2167226,2170470.333,991208.5,489224
11/25/2015,4,1520335,1340876.333,1919037.25,1735455.5,1906886.75,2026832.75,2251489.5,2232564,2227403.667,883266.5,412157
11/26/2015,4,1653428.667,1183097.667,1786307.75,1624742.75,1764892.25,1881757.25,2068171,1964007.667,1950374,1132408,526938.6667
11/27/2015,4,1572955.667,1268894.667,1880466.5,1696608.75,1706975.25,1969295.25,2177067.5,1927128.667,1729584.667,1199974,526385
11/28/2015,4,1517703.333,1278371,1865670.25,1693685.75,1898115.25,1969946,2185894,2134454.667,1834423,1179290.667,571102
11/29/2015,4,1518142.667,1267591,1917865.5,1736970.5,1788565,1994032.75,2219020.75,2103446,1196942.25,991269.25,465657
11/30/2015,4,1539671.667,1278873,1946074.5,1764829.5,1823776.5,2045286.25,2263523.25,2148528,1640091.5,1543802,713622.5
12/1/2015,4,1779850,1405172.333,2062518.5,1869031.75,1991304,2181897,2403710.75,2328566.333,2321093,1500221.5,699598.5
12/2/2015,4,1656708,1288971,1839673.25,1663776.25,1877880.75,1948372.25,2161916.5,2143104,2136711,1219798,473281.6667
12/3/2015,4,1499244.333,1350125,1838873.5,1650562,1827324.5,1955322.5,2182498.75,2241397,1848723.75,1090382,538801.6667
12/4/2015,4,1525212,1392031.333,1835017,1640946.75,1889294.75,1964211.5,2186358.25,2310760,2174113.75,1072354,559737
12/5/2015,4,1572585.333,1372424.333,1809030.5,1621806.25,1903304.75,1948722.25,2160318,2284604,2150075.5,1063105.333,566314.6667
12/6/2015,4,1296037.5,1257518,1727259.25,1551675.5,1774826.5,1837609.75,2037378,2086513,2030234,895493.6667,493737
12/7/2015,4,1653621.5,1248458.333,1757431.25,1585890,1734610.75,1866530.25,2064704.5,2071537.333,2062601.75,1045265.667,476605
12/8/2015,4,1678660.75,1266053,1787442,1609725.25,1767481.25,1891513.5,2095420.5,2098682.667,2093035,1072528.667,410241.3333
12/9/2015,4,1712080.75,1314081.667,1856561,1671279.5,1790697.5,1958767.75,2176156.25,2175426.333,2173283.5,1099871.667,521002.6667
12/10/2015,4,1798368.5,1343212.667,1880359.5,1694397.25,1893148.75,1990904.25,2211563.75,2228376.333,2208377.5,1090089,516798.3333
12/11/2015,4,1739885,1281298,1799097.5,1623388.75,1842011,1911831.5,2106343.25,2128700.667,2112681.5,1056409.333,509062.3333
12/12/2015,4,1713540.25,1362307.333,1845835.5,1658245.25,1829349.75,1977745,2186526.25,2255897.667,2177259.25,1086381.667,526066
12/13/2015,4,1718026.25,1251011,1804302,1628281.75,1670550.5,1545633.5,2106742.5,2082116.667,2105958.5,1098550.333,519592
12/14/2015,4,1728989.25,1269765.667,1898257.25,1720709.75,1693288,1906139,2202536.75,2106423.667,2205229.5,1180897.667,544716.3333
12/15/2015,4,1812032.5,1366312.667,1989078.5,1800989,1755395.667,2056112,2323325.75,2266918.333,2324229,1246887.333,572340.3333
12/16/2015,4,1866083.5,1367627.333,2009123.5,1817552.5,1817582.333,2055117,2340529.5,2272181.333,2340722.25,1230813.667,570908.6667
12/17/2015,4,1876072,1395671,2012831.75,1818981.75,1838777.333,2092218.667,2354351,2317110.333,2352202.5,1198245,548677.3333
12/18/2015,4,1913499.25,1321080.667,1958922.5,1782467,1842080.667,2097378.333,2362776.75,2322559,2380001.25,1221455.333,573859
12/19/2015,4,1836118.75,1362516,1972478,1784303.5,1857392,2046177,2305034.25,2259350.333,2305278,1203491.333,555589
12/20/2015,4,1861602.75,1411556,1995861.25,1800795,1883322.333,2096685.5,2343915,2359277,2340386.5,1160272,557148.6667
12/21/2015,4,1675346.5,1359922.333,1938436.5,1750764.75,1401711.5,2042495.333,2270674.5,1992635,2270208,1170716.333,522532
12/22/2015,4,1692346.75,1380062,1987191.75,1427454.75,1701597.75,2073327,2324688.5,2284654.25,2323454,1212397.667,554366.6667
12/23/2015,4,1801535.75,1334357,1888193.25,1530798.667,1902885,2000598.667,2221838.25,2185633.75,2217172.5,1129836,529332.3333
12/24/2015,4,1683211.25,1224422.333,1731594.25,1402437.333,1768980,1841346.667,2035992,2004726,2033921.75,1051305.333,516376
12/25/2015,4,1607103,1106802.333,1667008,1257517.667,1672435.5,1658317.333,1933088.5,1909385.5,1940276,1036754.667,493895
12/26/2015,4,1457667,1068772,1676563.5,1220488.667,1527856.5,1602640,1922628.5,1891026.25,1931414.5,1061744.333,483270.3333
12/27/2015,4,1653695.25,1241341,1832454,1425587,1724195.5,1869953,2130937.75,2085691.5,2131241.25,1098443.667,512293.3333
12/28/2015,4,1707284.5,1278733.667,1909381.25,1466989,1779523.25,1889942,2164597,2174898.25,2215011.25,1079490,511204.6667
12/29/2015,4,1860948.5,1376297,1963373.5,1582034,1952346.5,2065874.333,2300820.5,2261594.25,2299153.75,1099517,474767.3333
12/30/2015,4,1789417.25,1255021.333,1835145.25,1437975,1993895.25,1883699,2147073.5,2115037.75,2148495.25,1097752,521570.3333
12/31/2015,4,1622721.75,1249493.333,1837492.75,1438768.667,1691768.5,1877781.333,2134754.25,2088157.75,2133749.75,895504,420898.75
