type,time,flow
vermillion river,7/1/2015 0:00,-118080.844
vermillion river,7/1/2015 2:24,-120353.75
vermillion river,7/1/2015 4:48,-120367.82
vermillion river,7/1/2015 7:12,-120370.711
vermillion river,7/1/2015 9:36,-120371.883
vermillion river,7/1/2015 12:00,-120372.289
vermillion river,7/1/2015 14:24,-120372.555
vermillion river,7/1/2015 16:48,-120372.578
vermillion river,7/1/2015 19:12,-120372.594
vermillion river,7/1/2015 21:36,-120372.602
vermillion river,7/2/2015 0:00,-120372.609
vermillion river,7/2/2015 2:24,-120372.609
vermillion river,7/2/2015 4:48,-120372.594
vermillion river,7/2/2015 7:12,-120372.586
vermillion river,7/2/2015 9:36,-120372.539
vermillion river,7/2/2015 12:00,-120372.523
vermillion river,7/2/2015 14:24,-120372.539
vermillion river,7/2/2015 16:48,-120372.5
vermillion river,7/2/2015 19:12,-120372.5
vermillion river,7/2/2015 21:36,-120372.508
vermillion river,7/3/2015 0:00,-120372.531
vermillion river,7/3/2015 2:24,-120372.531
vermillion river,7/3/2015 4:48,-120372.531
vermillion river,7/3/2015 7:11,-120372.531
vermillion river,7/3/2015 9:35,-120372.508
vermillion river,7/3/2015 11:59,-120372.508
vermillion river,7/3/2015 14:23,-120372.539
vermillion river,7/3/2015 16:47,-120372.5
vermillion river,7/3/2015 19:11,-120372.5
vermillion river,7/3/2015 21:35,-120372.508
vermillion river,7/3/2015 23:59,-120372.531
vermillion river,7/4/2015 2:23,-120372.531
vermillion river,7/4/2015 4:47,-120372.531
vermillion river,7/4/2015 7:11,-120372.531
vermillion river,7/4/2015 9:35,-120372.508
vermillion river,7/4/2015 11:59,-120372.508
vermillion river,7/4/2015 14:23,-120372.539
vermillion river,7/4/2015 16:47,-120372.5
vermillion river,7/4/2015 19:11,-120372.5
vermillion river,7/4/2015 21:35,-120372.508
vermillion river,7/4/2015 23:59,-120372.531
vermillion river,7/5/2015 2:23,-120372.531
vermillion river,7/5/2015 4:47,-120372.531
vermillion river,7/5/2015 7:11,-120372.531
vermillion river,7/5/2015 9:35,-120372.508
vermillion river,7/5/2015 11:59,-120372.508
vermillion river,7/5/2015 14:23,-120372.539
vermillion river,7/5/2015 16:47,-120372.5
vermillion river,7/5/2015 19:11,-120372.5
vermillion river,7/5/2015 21:35,-120372.508
vermillion river,7/5/2015 23:59,-120372.531
vermillion river,7/6/2015 2:23,-120372.531
vermillion river,7/6/2015 4:47,-120372.531
vermillion river,7/6/2015 7:11,-120372.539
vermillion river,7/6/2015 9:35,-120372.508
vermillion river,7/6/2015 11:59,-120372.508
vermillion river,7/6/2015 14:23,-120372.539
vermillion river,7/6/2015 16:47,-120372.5
vermillion river,7/6/2015 19:11,-120372.5
vermillion river,7/6/2015 21:35,-120372.523
vermillion river,7/6/2015 23:59,-120372.563
vermillion river,7/7/2015 2:23,-120372.563
vermillion river,7/7/2015 4:47,-120372.563
vermillion river,7/7/2015 7:11,-120372.563
vermillion river,7/7/2015 9:35,-120372.555
vermillion river,7/7/2015 11:59,-120372.555
vermillion river,7/7/2015 14:23,-120372.594
vermillion river,7/7/2015 16:47,-120372.594
vermillion river,7/7/2015 19:11,-120372.609
vermillion river,7/7/2015 21:35,-120372.617
vermillion river,7/7/2015 23:59,-120372.734
vermillion river,7/8/2015 2:23,-120372.75
vermillion river,7/8/2015 4:47,-120372.75
vermillion river,7/8/2015 7:11,-120372.875
vermillion river,7/8/2015 9:35,-120373.039
vermillion river,7/8/2015 11:59,-120373.18
vermillion river,7/8/2015 14:23,-120373.234
vermillion river,7/8/2015 16:47,-120373.281
vermillion river,7/8/2015 19:11,-120373.367
vermillion river,7/8/2015 21:35,-120373.445
vermillion river,7/8/2015 23:59,-120373.641
vermillion river,7/9/2015 2:23,-120373.828
vermillion river,7/9/2015 4:47,-120374.125
vermillion river,7/9/2015 7:11,-120374.391
vermillion river,7/9/2015 9:35,-120374.594
vermillion river,7/9/2015 11:59,-120374.969
vermillion river,7/9/2015 14:23,-120375.297
vermillion river,7/9/2015 16:47,-120375.734
vermillion river,7/9/2015 19:11,-120376.367
vermillion river,7/9/2015 21:35,-120377.016
vermillion river,7/9/2015 23:59,-120377.773
vermillion river,7/10/2015 2:23,-120378.461
vermillion river,7/10/2015 4:47,-120379.172
vermillion river,7/10/2015 7:11,-120380.016
vermillion river,7/10/2015 9:35,-120381
vermillion river,7/10/2015 12:00,-120382.297
vermillion river,7/10/2015 14:24,-120383.672
vermillion river,7/10/2015 16:48,-120385.141
vermillion river,7/10/2015 19:12,-120386.891
vermillion river,7/10/2015 21:36,-120388.969
vermillion river,7/11/2015 0:00,-120391.109
vermillion river,7/11/2015 2:24,-120393.008
vermillion river,7/11/2015 4:48,-120395.211
vermillion river,7/11/2015 7:12,-120397.688
vermillion river,7/11/2015 9:36,-120400.531
vermillion river,7/11/2015 12:00,-120403.508
vermillion river,7/11/2015 14:24,-120406.469
vermillion river,7/11/2015 16:48,-120409.219
vermillion river,7/11/2015 19:12,-120412.617
vermillion river,7/11/2015 21:36,-120416.32
vermillion river,7/12/2015 0:00,-120419.797
vermillion river,7/12/2015 2:24,-120423.469
vermillion river,7/12/2015 4:48,-120426.961
vermillion river,7/12/2015 7:12,-120431.227
vermillion river,7/12/2015 9:36,-120436.281
vermillion river,7/12/2015 12:00,-120440.828
vermillion river,7/12/2015 14:24,-120445.688
vermillion river,7/12/2015 16:48,-120450.633
vermillion river,7/12/2015 19:12,-120456.07
vermillion river,7/12/2015 21:36,-120461.547
vermillion river,7/13/2015 0:00,-120467.781
vermillion river,7/13/2015 2:24,-120473.547
vermillion river,7/13/2015 4:48,-120479.242
vermillion river,7/13/2015 7:12,-120484.781
vermillion river,7/13/2015 9:36,-120490.703
vermillion river,7/13/2015 12:00,-120497.578
vermillion river,7/13/2015 14:24,-120504.695
vermillion river,7/13/2015 16:48,-120510.953
vermillion river,7/13/2015 19:12,-120516.891
vermillion river,7/13/2015 21:36,-120523.539
vermillion river,7/14/2015 0:00,-120530.703
vermillion river,7/14/2015 2:24,-120537.141
vermillion river,7/14/2015 4:48,-120545.211
vermillion river,7/14/2015 7:12,-120553.805
vermillion river,7/14/2015 9:36,-120562.445
vermillion river,7/14/2015 12:00,-120571.18
vermillion river,7/14/2015 14:24,-120579.984
vermillion river,7/14/2015 16:48,-120587.922
vermillion river,7/14/2015 19:12,-120598.398
vermillion river,7/14/2015 21:36,-120606.75
vermillion river,7/15/2015 0:00,-120615.828
vermillion river,7/15/2015 2:24,-120625.336
vermillion river,7/15/2015 4:48,-120634.281
vermillion river,7/15/2015 7:12,-120643.078
vermillion river,7/15/2015 9:36,-120652.188
vermillion river,7/15/2015 12:00,-120661.977
vermillion river,7/15/2015 14:24,-120671.297
vermillion river,7/15/2015 16:48,-120680.703
vermillion river,7/15/2015 19:12,-120690.273
vermillion river,7/15/2015 21:36,-120699.867
vermillion river,7/16/2015 0:00,-120709.227
vermillion river,7/16/2015 2:24,-120718.742
vermillion river,7/16/2015 4:48,-120728.016
vermillion river,7/16/2015 7:12,-120737.727
vermillion river,7/16/2015 9:36,-120747.109
vermillion river,7/16/2015 12:00,-120756.781
vermillion river,7/16/2015 14:24,-120766.383
vermillion river,7/16/2015 16:48,-120775.75
vermillion river,7/16/2015 19:12,-120784.391
vermillion river,7/16/2015 21:36,-120793.227
vermillion river,7/17/2015 0:00,-120802.023
vermillion river,7/17/2015 2:24,-120810.68
vermillion river,7/17/2015 4:48,-120819.805
vermillion river,7/17/2015 7:12,-120829.539
vermillion river,7/17/2015 9:36,-120839.414
vermillion river,7/17/2015 12:00,-120849.547
vermillion river,7/17/2015 14:24,-120860.289
vermillion river,7/17/2015 16:48,-120869.844
vermillion river,7/17/2015 19:12,-120879.688
vermillion river,7/17/2015 21:36,-120888.711
vermillion river,7/18/2015 0:00,-120897.188
vermillion river,7/18/2015 2:24,-120906.266
vermillion river,7/18/2015 4:48,-120915.344
vermillion river,7/18/2015 7:12,-120925.055
vermillion river,7/18/2015 9:36,-120933.953
vermillion river,7/18/2015 12:00,-120942.438
vermillion river,7/18/2015 14:24,-120950.688
vermillion river,7/18/2015 16:48,-120958.703
vermillion river,7/18/2015 19:12,-120965.719
vermillion river,7/18/2015 21:36,-120972.844
vermillion river,7/19/2015 0:00,-120980.563
vermillion river,7/19/2015 2:24,-120987.586
vermillion river,7/19/2015 4:48,-120994.32
vermillion river,7/19/2015 7:12,-121001.398
vermillion river,7/19/2015 9:36,-121008.906
vermillion river,7/19/2015 12:00,-121015.422
vermillion river,7/19/2015 14:24,-121021.992
vermillion river,7/19/2015 16:48,-121029.25
vermillion river,7/19/2015 19:12,-121035.992
vermillion river,7/19/2015 21:36,-121043.18
vermillion river,7/20/2015 0:00,-121049.672
vermillion river,7/20/2015 2:24,-121055.828
vermillion river,7/20/2015 4:48,-121062.484
vermillion river,7/20/2015 7:12,-121068.188
vermillion river,7/20/2015 9:36,-121074.133
vermillion river,7/20/2015 12:00,-121079.641
vermillion river,7/20/2015 14:24,-121085.016
vermillion river,7/20/2015 16:48,-121089.492
vermillion river,7/20/2015 19:12,-121094.445
vermillion river,7/20/2015 21:36,-121100.086
vermillion river,7/21/2015 0:00,-121105.133
vermillion river,7/21/2015 2:24,-121109.344
vermillion river,7/21/2015 4:48,-121113.781
vermillion river,7/21/2015 7:12,-121118.25
vermillion river,7/21/2015 9:36,-121122.227
vermillion river,7/21/2015 12:00,-121126.625
vermillion river,7/21/2015 14:24,-121130.25
vermillion river,7/21/2015 16:48,-121133.773
vermillion river,7/21/2015 19:12,-121137.016
vermillion river,7/21/2015 21:36,-121139.945
vermillion river,7/22/2015 0:00,-121142.695
vermillion river,7/22/2015 2:24,-121145.398
vermillion river,7/22/2015 4:48,-121148.328
vermillion river,7/22/2015 7:12,-121151.563
vermillion river,7/22/2015 9:36,-121154.031
vermillion river,7/22/2015 12:00,-121156.641
vermillion river,7/22/2015 14:24,-121158.016
vermillion river,7/22/2015 16:48,-121159.25
vermillion river,7/22/2015 19:12,-121159.773
vermillion river,7/22/2015 21:36,-121160.086
vermillion river,7/23/2015 0:00,-121159.867
vermillion river,7/23/2015 2:24,-121160.094
vermillion river,7/23/2015 4:48,-121159.57
vermillion river,7/23/2015 7:12,-121159.18
vermillion river,7/23/2015 9:36,-121158.523
vermillion river,7/23/2015 12:00,-121158.055
vermillion river,7/23/2015 14:24,-121157.078
vermillion river,7/23/2015 16:48,-121156.117
vermillion river,7/23/2015 19:12,-121154.719
vermillion river,7/23/2015 21:36,-121153.414
vermillion river,7/24/2015 0:00,-121153.313
vermillion river,7/24/2015 2:24,-121152.469
vermillion river,7/24/2015 4:48,-121151.023
vermillion river,7/24/2015 7:12,-121149.852
vermillion river,7/24/2015 9:36,-121147.961
vermillion river,7/24/2015 12:00,-121146.063
vermillion river,7/24/2015 14:24,-121144.422
vermillion river,7/24/2015 16:48,-121142.875
vermillion river,7/24/2015 19:12,-121141.078
vermillion river,7/24/2015 21:36,-121139.234
vermillion river,7/25/2015 0:00,-121136.703
vermillion river,7/25/2015 2:24,-121133.609
vermillion river,7/25/2015 4:48,-121130.266
vermillion river,7/25/2015 7:12,-121127.492
vermillion river,7/25/2015 9:36,-121124.289
vermillion river,7/25/2015 12:00,-121121.25
vermillion river,7/25/2015 14:24,-121118.109
vermillion river,7/25/2015 16:48,-121114.789
vermillion river,7/25/2015 19:12,-121110.156
vermillion river,7/25/2015 21:36,-121105.805
vermillion river,7/26/2015 0:00,-121101.258
vermillion river,7/26/2015 2:24,-121095.969
vermillion river,7/26/2015 4:48,-121091
vermillion river,7/26/2015 7:12,-121086.359
vermillion river,7/26/2015 9:36,-121081.359
vermillion river,7/26/2015 12:00,-121076.086
vermillion river,7/26/2015 14:24,-121070.258
vermillion river,7/26/2015 16:48,-121063.727
vermillion river,7/26/2015 19:12,-121057.289
vermillion river,7/26/2015 21:36,-121051.203
vermillion river,7/27/2015 0:00,-121045.031
vermillion river,7/27/2015 2:24,-121038.172
vermillion river,7/27/2015 4:48,-121031.57
vermillion river,7/27/2015 7:12,-121025.711
vermillion river,7/27/2015 9:36,-121018.727
vermillion river,7/27/2015 12:00,-121011.922
vermillion river,7/27/2015 14:24,-121004.273
vermillion river,7/27/2015 16:48,-120996.336
vermillion river,7/27/2015 19:12,-120988.484
vermillion river,7/27/2015 21:36,-120979.602
vermillion river,7/28/2015 0:00,-120971.797
vermillion river,7/28/2015 2:24,-120963.266
vermillion river,7/28/2015 4:48,-120954.719
vermillion river,7/28/2015 7:12,-120945.117
vermillion river,7/28/2015 9:36,-120935.813
vermillion river,7/28/2015 12:00,-120926.297
vermillion river,7/28/2015 14:24,-120916.617
vermillion river,7/28/2015 16:48,-120907.297
vermillion river,7/28/2015 19:12,-120898.859
vermillion river,7/28/2015 21:36,-120889.945
vermillion river,7/29/2015 0:00,-120880.766
vermillion river,7/29/2015 2:24,-120870.961
vermillion river,7/29/2015 4:48,-120860.352
vermillion river,7/29/2015 7:12,-120850.523
vermillion river,7/29/2015 9:36,-120840.602
vermillion river,7/29/2015 12:00,-120830.266
vermillion river,7/29/2015 14:24,-120820.852
vermillion river,7/29/2015 16:48,-120810.32
vermillion river,7/29/2015 19:12,-120799.461
vermillion river,7/29/2015 21:36,-120789.789
vermillion river,7/30/2015 0:00,-120779.797
vermillion river,7/30/2015 2:24,-120769.266
vermillion river,7/30/2015 4:48,-120758.859
vermillion river,7/30/2015 7:12,-120748.906
vermillion river,7/30/2015 9:36,-120738.781
vermillion river,7/30/2015 12:00,-120727.953
vermillion river,7/30/2015 14:24,-120717.625
vermillion river,7/30/2015 16:48,-120706.938
vermillion river,7/30/2015 19:12,-120696.086
vermillion river,7/30/2015 21:36,-120684.859
vermillion river,7/31/2015 0:00,-120673.484
vermillion river,7/31/2015 2:24,-120662.5
vermillion river,7/31/2015 4:48,-120651.813
vermillion river,7/31/2015 7:12,-120640.078
vermillion river,7/31/2015 9:36,-120628.414
vermillion river,7/31/2015 12:00,-120617.297
vermillion river,7/31/2015 14:24,-120605.109
vermillion river,7/31/2015 16:48,-120594.023
vermillion river,7/31/2015 19:12,-120582.594
vermillion river,7/31/2015 21:36,-120571.297
vermillion river,8/1/2015 0:00,-120559.547
ghb,7/1/2015 0:00,-24691.414
ghb,7/1/2015 2:24,-24683.053
ghb,7/1/2015 4:48,-24682.447
ghb,7/1/2015 7:12,-24682.367
ghb,7/1/2015 9:36,-24682.34
ghb,7/1/2015 12:00,-24682.332
ghb,7/1/2015 14:24,-24682.324
ghb,7/1/2015 16:48,-24682.322
ghb,7/1/2015 19:12,-24682.316
ghb,7/1/2015 21:36,-24682.314
ghb,7/2/2015 0:00,-24682.314
ghb,7/2/2015 2:24,-24682.314
ghb,7/2/2015 4:48,-24682.314
ghb,7/2/2015 7:12,-24682.313
ghb,7/2/2015 9:36,-24682.313
ghb,7/2/2015 12:00,-24682.313
ghb,7/2/2015 14:24,-24682.313
ghb,7/2/2015 16:48,-24682.313
ghb,7/2/2015 19:12,-24682.313
ghb,7/2/2015 21:36,-24682.314
ghb,7/3/2015 0:00,-24682.314
ghb,7/3/2015 2:24,-24682.314
ghb,7/3/2015 4:48,-24682.314
ghb,7/3/2015 7:11,-24682.313
ghb,7/3/2015 9:35,-24682.313
ghb,7/3/2015 11:59,-24682.313
ghb,7/3/2015 14:23,-24682.313
ghb,7/3/2015 16:47,-24682.313
ghb,7/3/2015 19:11,-24682.313
ghb,7/3/2015 21:35,-24682.314
ghb,7/3/2015 23:59,-24682.314
ghb,7/4/2015 2:23,-24682.314
ghb,7/4/2015 4:47,-24682.314
ghb,7/4/2015 7:11,-24682.313
ghb,7/4/2015 9:35,-24682.313
ghb,7/4/2015 11:59,-24682.313
ghb,7/4/2015 14:23,-24682.313
ghb,7/4/2015 16:47,-24682.313
ghb,7/4/2015 19:11,-24682.313
ghb,7/4/2015 21:35,-24682.314
ghb,7/4/2015 23:59,-24682.314
ghb,7/5/2015 2:23,-24682.314
ghb,7/5/2015 4:47,-24682.314
ghb,7/5/2015 7:11,-24682.313
ghb,7/5/2015 9:35,-24682.313
ghb,7/5/2015 11:59,-24682.313
ghb,7/5/2015 14:23,-24682.313
ghb,7/5/2015 16:47,-24682.313
ghb,7/5/2015 19:11,-24682.313
ghb,7/5/2015 21:35,-24682.314
ghb,7/5/2015 23:59,-24682.314
ghb,7/6/2015 2:23,-24682.314
ghb,7/6/2015 4:47,-24682.314
ghb,7/6/2015 7:11,-24682.314
ghb,7/6/2015 9:35,-24682.313
ghb,7/6/2015 11:59,-24682.313
ghb,7/6/2015 14:23,-24682.313
ghb,7/6/2015 16:47,-24682.313
ghb,7/6/2015 19:11,-24682.313
ghb,7/6/2015 21:35,-24682.314
ghb,7/6/2015 23:59,-24682.314
ghb,7/7/2015 2:23,-24682.314
ghb,7/7/2015 4:47,-24682.314
ghb,7/7/2015 7:11,-24682.314
ghb,7/7/2015 9:35,-24682.313
ghb,7/7/2015 11:59,-24682.313
ghb,7/7/2015 14:23,-24682.313
ghb,7/7/2015 16:47,-24682.313
ghb,7/7/2015 19:11,-24682.313
ghb,7/7/2015 21:35,-24682.314
ghb,7/7/2015 23:59,-24682.314
ghb,7/8/2015 2:23,-24682.314
ghb,7/8/2015 4:47,-24682.316
ghb,7/8/2015 7:11,-24682.314
ghb,7/8/2015 9:35,-24682.316
ghb,7/8/2015 11:59,-24682.316
ghb,7/8/2015 14:23,-24682.316
ghb,7/8/2015 16:47,-24682.322
ghb,7/8/2015 19:11,-24682.322
ghb,7/8/2015 21:35,-24682.32
ghb,7/8/2015 23:59,-24682.322
ghb,7/9/2015 2:23,-24682.322
ghb,7/9/2015 4:47,-24682.326
ghb,7/9/2015 7:11,-24682.332
ghb,7/9/2015 9:35,-24682.334
ghb,7/9/2015 11:59,-24682.336
ghb,7/9/2015 14:23,-24682.338
ghb,7/9/2015 16:47,-24682.34
ghb,7/9/2015 19:11,-24682.348
ghb,7/9/2015 21:35,-24682.342
ghb,7/9/2015 23:59,-24682.348
ghb,7/10/2015 2:23,-24682.354
ghb,7/10/2015 4:47,-24682.357
ghb,7/10/2015 7:11,-24682.367
ghb,7/10/2015 9:35,-24682.381
ghb,7/10/2015 12:00,-24682.389
ghb,7/10/2015 14:24,-24682.408
ghb,7/10/2015 16:48,-24682.428
ghb,7/10/2015 19:12,-24682.436
ghb,7/10/2015 21:36,-24682.451
ghb,7/11/2015 0:00,-24682.477
ghb,7/11/2015 2:24,-24682.496
ghb,7/11/2015 4:48,-24682.508
ghb,7/11/2015 7:12,-24682.535
ghb,7/11/2015 9:36,-24682.557
ghb,7/11/2015 12:00,-24682.582
ghb,7/11/2015 14:24,-24682.617
ghb,7/11/2015 16:48,-24682.654
ghb,7/11/2015 19:12,-24682.697
ghb,7/11/2015 21:36,-24682.773
ghb,7/12/2015 0:00,-24682.863
ghb,7/12/2015 2:24,-24682.957
ghb,7/12/2015 4:48,-24683.035
ghb,7/12/2015 7:12,-24683.16
ghb,7/12/2015 9:36,-24683.295
ghb,7/12/2015 12:00,-24683.43
ghb,7/12/2015 14:24,-24683.568
ghb,7/12/2015 16:48,-24683.676
ghb,7/12/2015 19:12,-24683.873
ghb,7/12/2015 21:36,-24684.09
ghb,7/13/2015 0:00,-24684.4
ghb,7/13/2015 2:24,-24684.705
ghb,7/13/2015 4:48,-24685.227
ghb,7/13/2015 7:12,-24685.656
ghb,7/13/2015 9:36,-24686.051
ghb,7/13/2015 12:00,-24686.525
ghb,7/13/2015 14:24,-24687.041
ghb,7/13/2015 16:48,-24687.537
ghb,7/13/2015 19:12,-24688.115
ghb,7/13/2015 21:36,-24688.77
ghb,7/14/2015 0:00,-24689.459
ghb,7/14/2015 2:24,-24690.309
ghb,7/14/2015 4:48,-24690.898
ghb,7/14/2015 7:12,-24691.543
ghb,7/14/2015 9:36,-24692.188
ghb,7/14/2015 12:00,-24692.697
ghb,7/14/2015 14:24,-24693.229
ghb,7/14/2015 16:48,-24693.914
ghb,7/14/2015 19:12,-24694.533
ghb,7/14/2015 21:36,-24695.186
ghb,7/15/2015 0:00,-24696.064
ghb,7/15/2015 2:24,-24697.064
ghb,7/15/2015 4:48,-24698.137
ghb,7/15/2015 7:12,-24699.084
ghb,7/15/2015 9:36,-24699.891
ghb,7/15/2015 12:00,-24700.998
ghb,7/15/2015 14:24,-24702.119
ghb,7/15/2015 16:48,-24703.232
ghb,7/15/2015 19:12,-24704.051
ghb,7/15/2015 21:36,-24704.809
ghb,7/16/2015 0:00,-24705.539
ghb,7/16/2015 2:24,-24706.248
ghb,7/16/2015 4:48,-24707.223
ghb,7/16/2015 7:12,-24708.107
ghb,7/16/2015 9:36,-24708.852
ghb,7/16/2015 12:00,-24709.605
ghb,7/16/2015 14:24,-24710.713
ghb,7/16/2015 16:48,-24711.553
ghb,7/16/2015 19:12,-24712.324
ghb,7/16/2015 21:36,-24713.25
ghb,7/17/2015 0:00,-24714.309
ghb,7/17/2015 2:24,-24715.359
ghb,7/17/2015 4:48,-24716.238
ghb,7/17/2015 7:12,-24717.092
ghb,7/17/2015 9:36,-24717.85
ghb,7/17/2015 12:00,-24718.801
ghb,7/17/2015 14:24,-24719.531
ghb,7/17/2015 16:48,-24720.619
ghb,7/17/2015 19:12,-24721.709
ghb,7/17/2015 21:36,-24723.09
ghb,7/18/2015 0:00,-24723.973
ghb,7/18/2015 2:24,-24724.811
ghb,7/18/2015 4:48,-24725.609
ghb,7/18/2015 7:12,-24726.229
ghb,7/18/2015 9:36,-24727
ghb,7/18/2015 12:00,-24727.736
ghb,7/18/2015 14:24,-24728.633
ghb,7/18/2015 16:48,-24729.447
ghb,7/18/2015 19:12,-24730.373
ghb,7/18/2015 21:36,-24731.328
ghb,7/19/2015 0:00,-24731.967
ghb,7/19/2015 2:24,-24732.424
ghb,7/19/2015 4:48,-24732.781
ghb,7/19/2015 7:12,-24733.064
ghb,7/19/2015 9:36,-24733.381
ghb,7/19/2015 12:00,-24733.768
ghb,7/19/2015 14:24,-24734.34
ghb,7/19/2015 16:48,-24734.807
ghb,7/19/2015 19:12,-24735.359
ghb,7/19/2015 21:36,-24735.756
ghb,7/20/2015 0:00,-24736.098
ghb,7/20/2015 2:24,-24736.395
ghb,7/20/2015 4:48,-24736.662
ghb,7/20/2015 7:12,-24736.992
ghb,7/20/2015 9:36,-24737.268
ghb,7/20/2015 12:00,-24737.496
ghb,7/20/2015 14:24,-24737.762
ghb,7/20/2015 16:48,-24737.939
ghb,7/20/2015 19:12,-24738.045
ghb,7/20/2015 21:36,-24738.16
ghb,7/21/2015 0:00,-24738.287
ghb,7/21/2015 2:24,-24738.506
ghb,7/21/2015 4:48,-24738.568
ghb,7/21/2015 7:12,-24738.625
ghb,7/21/2015 9:36,-24738.686
ghb,7/21/2015 12:00,-24738.783
ghb,7/21/2015 14:24,-24738.867
ghb,7/21/2015 16:48,-24738.896
ghb,7/21/2015 19:12,-24738.896
ghb,7/21/2015 21:36,-24738.893
ghb,7/22/2015 0:00,-24738.881
ghb,7/22/2015 2:24,-24738.869
ghb,7/22/2015 4:48,-24738.865
ghb,7/22/2015 7:12,-24738.85
ghb,7/22/2015 9:36,-24738.844
ghb,7/22/2015 12:00,-24738.826
ghb,7/22/2015 14:24,-24738.805
ghb,7/22/2015 16:48,-24738.77
ghb,7/22/2015 19:12,-24738.746
ghb,7/22/2015 21:36,-24738.725
ghb,7/23/2015 0:00,-24738.688
ghb,7/23/2015 2:24,-24738.666
ghb,7/23/2015 4:48,-24738.629
ghb,7/23/2015 7:12,-24738.582
ghb,7/23/2015 9:36,-24738.533
ghb,7/23/2015 12:00,-24738.459
ghb,7/23/2015 14:24,-24738.406
ghb,7/23/2015 16:48,-24738.332
ghb,7/23/2015 19:12,-24738.256
ghb,7/23/2015 21:36,-24738.195
ghb,7/24/2015 0:00,-24738.109
ghb,7/24/2015 2:24,-24738.047
ghb,7/24/2015 4:48,-24737.953
ghb,7/24/2015 7:12,-24737.906
ghb,7/24/2015 9:36,-24737.824
ghb,7/24/2015 12:00,-24737.727
ghb,7/24/2015 14:24,-24737.586
ghb,7/24/2015 16:48,-24737.441
ghb,7/24/2015 19:12,-24737.283
ghb,7/24/2015 21:36,-24737.041
ghb,7/25/2015 0:00,-24736.807
ghb,7/25/2015 2:24,-24736.592
ghb,7/25/2015 4:48,-24736.291
ghb,7/25/2015 7:12,-24736.09
ghb,7/25/2015 9:36,-24735.836
ghb,7/25/2015 12:00,-24735.615
ghb,7/25/2015 14:24,-24735.443
ghb,7/25/2015 16:48,-24735.176
ghb,7/25/2015 19:12,-24734.93
ghb,7/25/2015 21:36,-24734.594
ghb,7/26/2015 0:00,-24734.184
ghb,7/26/2015 2:24,-24733.674
ghb,7/26/2015 4:48,-24733.352
ghb,7/26/2015 7:12,-24732.838
ghb,7/26/2015 9:36,-24732.43
ghb,7/26/2015 12:00,-24731.799
ghb,7/26/2015 14:24,-24731.236
ghb,7/26/2015 16:48,-24730.377
ghb,7/26/2015 19:12,-24729.291
ghb,7/26/2015 21:36,-24728.51
ghb,7/27/2015 0:00,-24727.77
ghb,7/27/2015 2:24,-24726.82
ghb,7/27/2015 4:48,-24725.92
ghb,7/27/2015 7:12,-24724.996
ghb,7/27/2015 9:36,-24724.256
ghb,7/27/2015 12:00,-24723.598
ghb,7/27/2015 14:24,-24722.857
ghb,7/27/2015 16:48,-24722.125
ghb,7/27/2015 19:12,-24721.342
ghb,7/27/2015 21:36,-24720.49
ghb,7/28/2015 0:00,-24719.525
ghb,7/28/2015 2:24,-24718.535
ghb,7/28/2015 4:48,-24717.371
ghb,7/28/2015 7:12,-24716.402
ghb,7/28/2015 9:36,-24715.313
ghb,7/28/2015 12:00,-24714.314
ghb,7/28/2015 14:24,-24713.281
ghb,7/28/2015 16:48,-24712.262
ghb,7/28/2015 19:12,-24711.053
ghb,7/28/2015 21:36,-24710.033
ghb,7/29/2015 0:00,-24708.738
ghb,7/29/2015 2:24,-24707.418
ghb,7/29/2015 4:48,-24706.148
ghb,7/29/2015 7:12,-24704.916
ghb,7/29/2015 9:36,-24703.729
ghb,7/29/2015 12:00,-24702.449
ghb,7/29/2015 14:24,-24701.066
ghb,7/29/2015 16:48,-24699.732
ghb,7/29/2015 19:12,-24698.006
ghb,7/29/2015 21:36,-24696.645
ghb,7/30/2015 0:00,-24695.596
ghb,7/30/2015 2:24,-24694.57
ghb,7/30/2015 4:48,-24693.455
ghb,7/30/2015 7:12,-24692.357
ghb,7/30/2015 9:36,-24691.238
ghb,7/30/2015 12:00,-24690.123
ghb,7/30/2015 14:24,-24688.932
ghb,7/30/2015 16:48,-24687.738
ghb,7/30/2015 19:12,-24686.498
ghb,7/30/2015 21:36,-24685.24
ghb,7/31/2015 0:00,-24683.803
ghb,7/31/2015 2:24,-24682.656
ghb,7/31/2015 4:48,-24680.691
ghb,7/31/2015 7:12,-24678.855
ghb,7/31/2015 9:36,-24677.398
ghb,7/31/2015 12:00,-24675.984
ghb,7/31/2015 14:24,-24674.736
ghb,7/31/2015 16:48,-24673.49
ghb,7/31/2015 19:12,-24672.234
ghb,7/31/2015 21:36,-24671.023
ghb,8/1/2015 0:00,-24669.932
, , 
, , 
, , 
, , 
, , 
, , 
, , 
, , 
, , 
, , 
, , 
, , 
, , 
, , 
, , 
, , 
, , 
, , 
, , 
, , 
, , 
, , 
, , 
, , 
, , 
, , 
, , 
, , 
, , 
, , 
, , 
, , 
, , 
, , 
, , 
, , 
, , 
, , 
, , 
, , 
, , 
, , 
, , 
, , 
, , 
, , 
, , 
, , 
, , 
, , 
, , 
, , 
, , 
, , 
, , 
, , 
, , 
, , 
, , 
, , 
, , 
, , 
, , 
, , 
, , 
, , 
, , 
, , 
, , 
, , 
, , 
, , 
, , 
, , 
, , 
, , 
, , 
, , 
, , 
, , 
, , 
, , 
, , 
, , 
, , 
, , 
, , 
, , 
, , 
, , 
, , 
, , 
, , 
, , 
, , 
, , 
, , 
, , 
, , 
, , 
, , 
, , 
, , 
, , 
, , 
, , 
, , 
, , 
, , 
, , 
, , 
, , 
, , 
, , 
, , 
, , 
, , 
, , 
, , 
, , 
, , 
, , 
, , 
, , 
, , 
, , 
, , 
, , 
, , 
, , 
, , 
, , 
, , 
, , 
, , 
, , 
, , 
, , 
, , 
, , 
, , 
, , 
, , 
, , 
, , 
, , 
, , 
, , 
, , 
, , 
, , 
, , 
, , 
, , 
, , 
, , 
, , 
, , 
, , 
, , 
, , 
, , 
, , 
, , 
, , 
, , 
, , 
, , 
, , 
, , 
, , 
, , 
, , 
, , 
, , 
, , 
, , 
, , 
, , 
, , 
, , 
, , 
, , 
, , 
, , 
, , 
, , 
, , 
, , 
, , 
, , 
, , 
, , 
, , 
, , 
, , 
, , 
, , 
, , 
, , 
, , 
, , 
, , 
, , 
, , 
, , 
, , 
, , 
, , 
, , 
, , 
, , 
, , 
, , 
, , 
, , 
, , 
, , 
, , 
, , 
, , 
, , 
, , 
, , 
, , 
, , 
, , 
, , 
, , 
, , 
, , 
, , 
, , 
, , 
, , 
, , 
, , 
, , 
, , 
, , 
, , 
, , 
, , 
, , 
, , 
, , 
, , 
, , 
, , 
, , 
, , 
, , 
, , 
, , 
, , 
, , 
, , 
, , 
, , 
, , 
, , 
, , 
, , 
, , 
, , 
, , 
, , 
, , 
, , 
, , 
, , 
, , 
, , 
, , 
, , 
, , 
, , 
, , 
, , 
, , 
, , 
, , 
, , 
, , 
, , 
, , 
, , 
, , 
, , 
, , 
, , 
, , 
, , 
, , 
, , 
, , 
, , 
, , 
, , 
, , 
, , 
, , 
, , 
, , 
, , 
, , 
, , 
, , 
, , 
, , 
, , 
